Workbook

Sheet Overview
A2: Pulse table 整理與測站座標
A4: 目前有效記錄表 | B4: 來源記錄數 | C4: 原表已有座標 | D4: 本次比對補齊 | E4: 座標有歧義 | F4: 尚未找到 | G4: 座標涵蓋率
A5: S&B | B5: =COUNTIF(Pulse_records!$CK$2:$CK$702,A5) -> 243 | C5: =COUNTIFS(Pulse_records!$CK$2:$CK$702,A5,Pulse_records!$J$2:$J$702,"original") -> 0 | D5: =COUNTIFS(Pulse_records!$CK$2:$CK$702,A5,Pulse_records!$J$2:$J$702,"matched") -> 241 | E5: =COUNTIFS(Pulse_records!$CK$2:$CK$702,A5,Pulse_records!$J$2:$J$702,"ambiguous") -> 0 | F5: =COUNTIFS(Pulse_records!$CK$2:$CK$702,A5,Pulse_records!$J$2:$J$702,"unresolved") -> 2 | G5: =(C5+D5)/B5 -> 0.99176955
A6: NCREE | B6: =COUNTIF(Pulse_records!$CK$2:$CK$702,A6) -> 340 | C6: =COUNTIFS(Pulse_records!$CK$2:$CK$702,A6,Pulse_records!$J$2:$J$702,"original") -> 340 | D6: =COUNTIFS(Pulse_records!$CK$2:$CK$702,A6,Pulse_records!$J$2:$J$702,"matched") -> 0 | E6: =COUNTIFS(Pulse_records!$CK$2:$CK$702,A6,Pulse_records!$J$2:$J$702,"ambiguous") -> 0 | F6: =COUNTIFS(Pulse_records!$CK$2:$CK$702,A6,Pulse_records!$J$2:$J$702,"unresolved") -> 0 | G6: =(C6+D6)/B6 -> 1
A7: YEN | B7: =COUNTIF(Pulse_records!$CK$2:$CK$702,A7) -> 118 | C7: =COUNTIFS(Pulse_records!$CK$2:$CK$702,A7,Pulse_records!$J$2:$J$702,"original") -> 0 | D7: =COUNTIFS(Pulse_records!$CK$2:$CK$702,A7,Pulse_records!$J$2:$J$702,"matched") -> 118 | E7: =COUNTIFS(Pulse_records!$CK$2:$CK$702,A7,Pulse_records!$J$2:$J$702,"ambiguous") -> 0 | F7: =COUNTIFS(Pulse_records!$CK$2:$CK$702,A7,Pulse_records!$J$2:$J$702,"unresolved") -> 0 | G7: =(C7+D7)/B7 -> 1
G8: =(C8+D8)/B8 -> #DIV/0!
G9: =(C9+D9)/B9 -> #DIV/0!
A10: 總計（含跨來源重複） | B10: =SUM(B5:B7) -> 701 | C10: =SUM(C5:C7) -> 340 | D10: =SUM(D5:D7) -> 359 | E10: =SUM(E5:E7) -> 0 | F10: =SUM(F5:F7) -> 2 | G10: =(C10+D10)/B10 -> 0.99714693
A13: 主表已統一為 S&B 243 + NCREE 340 + YEN 118 = 701 筆。已排除 275 筆歷史／其他處理版本；跨來源重複仍保留，701 並非獨立樣本數。
A14: Pulse_records 可篩選來源、處理版本、測站與座標狀態。
A15: Tp、Tf、水平／垂直 Tp 及各分量 PGV 分別保存。
A16: 尚缺座標：Port Island (83 m)、SERVICE HALL:50.8 M DEPTH，共2筆；主表699/701有座標。47004已由使用者補上。
A17: 汶川 051* 座標僅至 0.1°。TCU074 有來源位置衝突，請先讀備註。
A18: 目前記錄表：S&B、NCREE、YEN。主表 active_sheet / active_row 指向現有分頁；source_sheet / source_row 保留原始來源。
A19: Kamai 84筆與相關7個 source_error 已不在有效主表範圍；原檔保留作歷史追溯。
A32: Event / finite-fault update | B32: 2026-09-10; latest user workbook retained; source enrichments are a dated snapshot.
A33: Merged records | B33: YEN 118筆已與主表逐列對應；Pazarcik/Elbistan的30筆R_hypo透過公式同步。
A34: Earthquake sources | B34: 75個事件分成111個來源／事件組合：S&B46、NCREE56、YEN9。以event_source_key連結，不再假設同事件在不同來源使用相同震源。
A35: USGS finite-fault coverage | B35: 9 matched models, 23 fault segments. No matching USGS product does not mean no published finite-fault model exists.
A36: Ilan–Suao event | B36: User confirmed 2005-03-05 19:08 UTC; linked to USGS usp000dhkp.
A37: Missing source angles | B37: 2001 Taipo and 2007 Taitung lack moment-tensor/focal-mechanism products in retrieved USGS detail; angles left blank.
A38: Plane definitions | B38: Table 1的熊本主震列出205°/72°與235°/65°，rake均為−142°；分欄保留，不宣稱為共軛節面。其餘事件的plane_definition標明來源。
A39: Finite-fault units | B39: Lengths, widths and depths: km; slip: m; moment: N m; rise time: s; rupture speed: km/s. Model area sums segment LEN × WID, not slipped area.
A40: Finite-fault slip / rake | B40: Max slip calculated from all FSP subfault SLIP values (m). Segment rake ranges retain FSP angle convention; no single rake imposed on multi-segment models.
A41: Model geometry | B41: Full FSP modeled dimensions are reported, not effective slipped-patch dimensions. Segment lengths are not summed as physical rupture length; negative source top depth is retained.
A42: Source priority | B42: 原來源欄位優先：S&B採NGA；NCREE採原列座標、深度、Mw及fault type；YEN採原Mw與使用者Table1。沒有原欄位時保留既有資料，並由origin_source / mechanism_source / time_source_url區分來源。
A43: Update behavior | B43: 主表依三個現有記錄表整理，active_sheet / active_row為當前位置；30筆新計算R_hypo由YEN公式連動，其他值為本次快照。repeat_count與Station_coords已按701筆重算。
... A47: Finite-fault identity | B47: All 9 assigned finite-fault models have the same USGS event IDs as the audited events. Model-specific magnitudes, hypocenters and rupture planes remain separate.
A50: 資料完整性與一致性檢查 — 2026-09-10
A51: 狀態 | B51: 檢查項目 | D51: 結果、位置與建議
A52: 已同步 | B52: 30 筆 R_hypo 已同步 | D52: YEN!F90:F119 的30筆計算值已由公式連到Pulse_records。因主表縮編，YEN公式中的測站座標列號已重新對應；保留原計算值與來源方法。
A53: 需確認 | B53: 已按原來源重做距離檢查 | D53: 目前YEN有17筆Rhyp待查；Iburi四筆已按使用者指示，以原FSP震源重算並更新。原Rrup皆保留。
A54: 已確認 | B54: KumaFore 前震已確認 | D54: 圖中Table 1明列2016-04-14 12:26:36 UTC、Mw6.1。YEN 12筆前震事件欄位與主表已更新；不再標為provisional。
A55: 已排除 | B55: Kamai 不再屬於主表 | D55: 已移除有效主表中的Kamai 84筆；原有7個Normalized Dsite錯誤不在本次701筆範圍。沒有嘗試修正歷史來源的錯誤。
A56: 缺值 | B56: 2 筆主表測站座標 | D56: Pulse_records第117/213列仍缺座標：Port Island (83m)、SERVICE HALL 50.8m。47004（第668列）已採使用者提供的141.9204E、42.6226N；主表699/701有座標。
A57: 缺值 | B57: Duzce 2022 的 R_rup | D57: YEN!E86:E89，4筆（8101/8102/8104/8109）空白。不能用 R_hypo 或震央距離代替 R_rup；需要相應斷層面模型。
A58: 缺值 | B58: Iburi 斷層平行方位 | D58: YEN!J82:J85，4筆空白（HKD126/HKD128/IBUH01/47004）。需先選定適用的斷層走向與角度定義。
A59: 缺值 | B59: Pardee–SCE 兩種方位 | D59: S&B!J108:K108 為 -999 缺值碼；不是有效角度。同列 Fault Normal Pulse（L108）也為 -999，不能直接作布林值。
A60: 缺值 | B60: NCREE 的 Vs30 | D60: NCREE!J279/J319/J321/J341 為文字 None：Kanti Path、SHH、TRB029、TRB042。需站址資料；未補值。
A61: 缺值 | B61: 2 個事件的斷層角度 | D61: Event_sources 的 2001_taipo、2007_taitung 缺 strike/dip/rake。先前取得的 USGS 事件資料沒有 moment-tensor/focal-mechanism；保留空白，並非誤配的直接證據。
A62: 適用性 | B62: NCREE 週期的 -999 | D62: Tp_H 缺值碼7筆、Tp_V缺值碼308筆；均與對應 Ipulse_H/Ipulse_V = FALSE 一致。已辨識為無該分量脈衝，不列為應補齊的週期；分析前將 -999 當缺值，勿當負週期。
... A69: 檢查界限 | B69: 本次為工作簿資料稽核 | D69: 依使用者Table 1更新五個YEN事件（80筆）：時間、Mw、震源座標/深度、strike/dip/rake與faulting type；同步主表及各表附加事件欄。NCREE/S&B原始觀測值和原始Mw保持；未重算這五個事件的測站距離或pulse方位。
A71: Table 1更新 | B71: 五個事件、80筆YEN記錄已更新。熊本主震Mw由7改為7.04；Darfield負緯度依圖保留。
A72: 文獻來源 | B72: 使用者截圖Table 1。截圖未包含作者、篇名與DOI，來源先記錄截圖檔名；不可補造完整引用。
A74: 距離檢查紀錄 — 切回原來源前（2026-09-11）
A75: 檢查範圍 | B75: 701筆記錄：698筆有座標可計算；S&B241與YEN117，共358筆同時有原Rhyp可比較。NCREE340筆未提供原Rhyp，僅做Rrup必要幾何關係與原震源比較。
A76: 計算與門檻 | B76: R_epi採6371 km球面大圓距離；R_hypo=SQRT(R_epi²+depth²)，假設站高0。|原值−重算值| > MAX(1 km, 重算值×5%)列為待查。此為本次篩檢門檻，不代表觀測精度或法定標準。
A77: S&B：54筆來源差異 | B77: Chi-Chi49/50、Kocaeli4/4、Wenchuan1/2超門檻。用原NGA-West2震源重算後，三事件所有可比較記錄均在門檻內。原因支持「原距離搭配了不同的新增震源」，不支持直接把54筆原距離判錯。
A78: Chi-Chi最大差異 | B78: S&B!G153（TCU076）原Rhyp17.90 km，新附加震源重算47.82 km，相差−29.92 km。原NGA震源23.85N/120.82E、深8 km；目前附加USGS震源23.772N/120.982E、深33 km，不能混用。
A79: YEN：20筆待查 | B79: 熊本前震11/12；花蓮2/14；Iburi有座標3/3；Duzce4/4。其餘YEN可比較記錄通過本次門檻。Kumamoto主震、Meinong、Darfield與Turkey均通過；47004仍無座標無法重算。
A80: 熊本前震11筆 | B80: YEN第70–75、77–81列，原Rhyp較Table 1震源重算短約5.02–7.61 km。例KMMH14原9.70、重算17.28 km；93021原7.30、重算14.08 km。事件時刻已確認，仍須查原距離定義、計算震源及測站座標。
A81: 花蓮2筆 | B81: YEN第54列HWA028：28.00→17.57 km，差+10.43 km；第58列TRB042：16.93→18.93 km，差−2.00 km。應核對這兩站的位置與原距離來源。
A82: Iburi及Duzce | B82: Iburi第82–84列原值比重算短7.34–10.92 km；第85列47004缺座標。Duzce第86–89列短5.84–7.24 km；8109原4.75 km小於目前深度10 km，無法與此震源及站高0假設同時成立。
A83: NCREE：18筆超界 | B83: 使用新增selected震源時，18筆Rrup > 重算Rhyp+1 km：1999 Hualien2筆、2002 Hualien offshore12筆、2006 Hengchun雙震4筆。換回各列NCREE原震源後，18筆全部不再超界；優先保留距離與原震源成套使用。
A84: Rrup判讀限制 | B84: Rrup≤Rhyp只在震源位於同一斷層面時構成必要關係；本次沒有重建各研究的完整斷層面，所以不能認證Rrup絕對正確。S&B Closest Dist.未自動當作Rrup。Duzce4筆Rrup仍缺值。
A85: 建議處理 | B85: 已執行：改用source-specific event_source_key保存成套震源資料。原R_hypo/Rrup保留，Distance_check依新選用震源重新計算。YEN未解決差異仍待查。
A86: 本次修改範圍 | B86: 新增Distance_check逐筆比較與本Overview說明。沒有覆寫原Rhyp、Rrup、震源、測站座標或方位。原震源比對：NCREE使用各列原值；S&B使用前次取得的NGA資料（來源及鏡像限制见Sources_method E03/E04）。
A88: 原震源優先 — 更新後結果（2026-09-11）
A89: 採用規則 | B89: S&B 243筆採原NGA；NCREE340筆採各列原始震源；YEN118筆採原Mw，五個Table1事件採圖中震源，其餘事件沒有原震源時保留配對結果。
A90: 來源分開 | B90: Event_sources共111筆來源／事件組合，event_source_key唯一；仍是75個物理事件。NCREE與S&B可對同一事件採不同原震源，不互相覆蓋。
A91: 缺欄位處理 | B91: 原來源有的欄位取代matched值；沒有的欄位不刪除：例如NCREE原表沒有UTC時間及strike/dip/rake，保留既有值並明示其來源。有限斷層模型仍保留獨立模型參數。
A92: 目前待查Rhyp筆數 | B92: =COUNTIF(Distance_check!R2:R702,"Review: Rhyp mismatch") -> 17
A93: 目前Rrup/closest超界筆數 | B93: =COUNTIF(Distance_check!V2:V702,"Review: distance > recalculated Rhyp +1 km") -> 0
A94: 修改範圍 | B94: 只更新選用事件參數、來源鍵和距離檢查；原始觀測距離、站座標、週期、pulse方位與原表欄位未改動。
A96: 47004座標更新 | B96: 2026-09-11 使用者提供：東經141.9204°、北緯42.6226°。同步Pulse_records、Station_coords及Distance_check。
A97: 47004距離檢查 | B97: 47004：Rhyp已更新38.46km（舊24.90km存Distance_check!AG668）；原Rrup18.70km保留。
A99: Iburi 原始 slip model | B99: 已加入 Asano & Iwata (2019) 使用者提供FSP：Mw6.8、震源42.6908N/142.0067E/37.04km、最大滑移1.7014m。
A100: 三段斷層幾何 | B100: 走向10°/355°/5°，傾角皆70°；共80個3×3km子斷層，面積720km²，頂深18.72km。355°僅為震源所在第2段。
A101: Iburi 距離結果 | B101: 已更新HKD126 / HKD128 / IBUH01 / 47004的Rhyp為39.74 / 40.85 / 44.95 / 38.46km。使用原FSP震源，站高假設0；舊值存Distance_check的superseded_Rhyp_km。
A102: 模型 Rrup 比對 | B102: 原Rrup保留18.8 / 20.5 / 22.2 / 18.7km。IBUH01座標與原紀錄、官方站表一致；到最近FSP頂邊中心點22.184km，可重現22.2，但原計算方式尚未確認。
A103: 來源與保留欄位 | B103: 9個USGS模型（23段）＋1個Iburi文獻模型（3段）＝10個模型、26段。YEN原Magnitude6.7及Rrup保留；Iburi Rhyp已授權重算更新。模型Mw6.8另存。

Sheet Sources_method
A1: source_id | B1: source | C1: locator | D1: source_note | E1: accessed_or_read
A2: S01 | B2: 使用者原始 pulse table | C2: scaling_2024.xlsx | D2: 原始檔保留不變；每筆記錄有來源工作表與原始列號。 | E2: 2026-09-09
A3: S02 | B3: NGA-West2 更新 flatfile（2015，公開檔鏡像） | C3: https://raw.githubusercontent.com/personlin/NGA-West2_Flatfile/main/data/Updated_NGA_West2_Flatfile_RotD50_d050_public_version.xlsx | D3: PEER 官方下載回傳 403，使用公開原始 XLSX 鏡像；未驗證與官方檔案的雜湊一致性。官方索引：https://peer.berkeley.edu/node/74 | E3: 2026-09-09
A4: S03 | B4: 熊本本地測站清單 | C4: pulse/data/events/2016_Kumamoto/station_list | D4: 無欄名；依數值範圍辨識 station, longitude, latitude；未額外確認座標基準。 | E4: 2026-09-09
A5: S04 | B5: 集集本地測站資訊 | C5: pulse/data/events/1999_ChiChi/1999_station_inf | D5: 欄名明列 sta, lat, lon。 | E5: 2026-09-09
A6: S05 | B6: 土耳其 2023 第一主震 pulse flatfile | C6: pulse/03_scaling/tables/Turkey_202302060117_flatfile_geometric_mean_pulse.csv | E6: 2026-09-09
A7: S06 | B7: 土耳其 2023 第二主震 pulse flatfile | C7: pulse/03_scaling/tables/Turkey_202302061024_flatfile_geometric_mean_pulse.csv | D7: 131、132 保留原代碼，不自行加 TK 網路前綴。 | E7: 2026-09-09
A8: S07 | B8: 土耳其 2023 第一主震完整 flatfile | C8: pulse/data/events/2023_Turkey/Turkey_202302060117_flatfile_geometric_mean.csv | D8: TK-#### 或 KO-代碼去除已列明的網路前綴後比對。 | E8: 2026-09-09
A9: S08 | B9: NIED 歷史測站位置（2022-02-01 前） | C9: https://www.kyoshin.bosai.go.jp/en/stationlocationinfobefore20220201/ | E9: 2026-09-09
A10: S09 | B10: Düzce 2022 研究 Table 2 | C10: https://dergipark.org.tr/en/download/article-file/3476680 | D10: 使用表列四位小數測站經緯度。 | E10: 2026-09-09
A11: S10 | B11: NIED Hi-net 追分測站更新資訊 | C11: https://www.hinet.bosai.go.jp/st_info/st_update/?LANG=ja&r=HFHKS2007&rym=200710 | D11: IBUH01，2007-10 起位置。 | E11: 2026-09-09
A12: S11 | B12: 土耳其測站代碼對照，PEER 研究報告 Table 1 | C12: https://apps.peer.berkeley.edu/lifelines/lifelines_pre_2006/final_reports/2A02a-FR.pdf | D12: IZT=Izmit；SKR=Sakarya；YPT=Yarimca；BOL=Bolu；DZC=Duzce。 | E12: 2026-09-09
A13: S12 | B13: L’Aquila 記錄代碼／測站對照 | C13: https://www.reluis.it/doc/pdf/Aquila/Confronto_L%27Aquila-NTC_V1.pdf | D13: AM043=AQK Parking；CU104=AQA F. Aterno；FA030=AQG Colle Grilli；GX066=AQV Centro Valle。 | E13: 2026-09-09
A16: 項目 | B16: 整理規則與限制
A17: 整理範圍 | B17: 7 個記錄表合併為 976 筆來源記錄。regression 為關係式／曲線資料，保留在原表快照，不併入觀測記錄。
A18: 完整原始資料 | B18: 後方 8 個同名工作表保留原始儲存值快照（含旁欄統計）。原檔未修改；公式、圖表與樣式未複製，快照不作動態試算。
A19: 缺值 | B19: 文字 NaN、None 在整理表改為空白；missing_fields_original 保留原缺值標記。真實 0 與 FALSE 不轉成缺值。
A20: 測站識別 | B20: station_original 保留原名；station_key 以事件推定區域加名稱的英數正規化值建立。比對鍵不是經權威機構核定的全球唯一測站 ID。
A21: Station_coords 粒度 | B21: 每列為測站比對鍵、座標值與狀態的組合。同一測站可因事件、來源或小數精度不同而有多列；不可直接當唯一測站數。
A22: 版本與重複 | B22: 保留 Baker_moderate、Baker(2014)、校正／未校正 fling、NCREE 的全部來源記錄；不可將跨來源記錄直接當獨立樣本。
A23: repeat_group | B23: 有 RSN 時採 NGA:RSN；否則以原事件名稱、年份與測站比對鍵分組。未跨事件別名整併，因此僅為部分重複提示。
A24: Tp 與 Tf | B24: Tp_s、Tf_s、Tp_H_s、Tp_V_s 分欄保存，不互相替代。NCREE 水平及垂直週期不直接併入 Tp_s。
A25: 距離 | B25: Baker Closest Dist. 保留為 closest_distance_km，不自動宣稱為 Rrup。明列 Rrup 的資料才填 Rrup_km。
A26: PGV | B26: PGV_cm_s 為來源 pulse 表的 PGV；NCREE 各分量 PGV_*_original 分開保存，不自行取最大值或合成。
A27: 未明示單位 | B27: *_original 與 Kamai displacement 欄位保留原值；原欄名未明示的單位或機制代碼定義，不自行推定。
... A35: 重新整理 | B35: 本檔為 2026-09-09 整理快照。修改來源表不會自動重新執行座標比對；Overview 計數會隨 Pulse_records 更新。
A37: E01 | B37: USGS finite-fault catalog | C37: https://earthquake.usgs.gov/data/finitefault/ | D37: Archive queried for 1900–2023 producttype=finite-fault; preferred product by preferredWeight then updateTime. Full model FSP geometry and download URLs in Event_sources / Finite_fault_segments. | E37: 2026-09-10
A38: E02 | B38: USGS ComCat event details | C38: https://earthquake.usgs.gov/fdsnws/event/1/ | D38: Matched events reviewed by date, location, magnitude and sequence. Origin uses preferred event geometry/time; moment-tensor product source/version recorded separately. | E38: 2026-09-10
A39: E03 | B39: NGA-West2 updated2015 flatfile official index | C39: https://peer.berkeley.edu/node/74 | D39: 47 event metadata matches by normalized event/year; original NGA row and EQID retained. No -999 sentinel used as a physical value. | E39: 2026-09-10
A40: E04 | B40: NGA flatfile download mirror | C40: https://raw.githubusercontent.com/personlin/NGA-West2_Flatfile/main/data/Updated_NGA_West2_Flatfile_RotD50_d050_public_version.xlsx | D40: Official download unavailable; used this mirror, not independently hash-verified against official distribution. Magnitude type U and NGA finite-fault flags retained as source codes. | E40: 2026-09-10
A41: E05 | B41: Wang et al. 2004 Table1 (Chi-Chi sequence) | C41: https://citeseerx.ist.psu.edu/document?doi=3c7c3853c5d32c9f6a371bf9461e847d08a9099f&repid=rep1&type=pdf | D41: Event alias checks: NCREE Chiayi = NGA Chi-Chi04; NCREE Chi-Chi07 = NGA Chi-Chi06, based on identical hypocenters and event dates. | E41: 2026-09-10
A42: E06 | B42: Finite-fault derived fields | C42: FSP complete_inversion.fsp for each matched model | D42: Segment count and subfault counts verified against FSP. Model area = sum(LEN*WID); maximum slip = max(SLIP); rake_min/max are raw extrema, not a circular average. Model origin not catalog origin. | E42: 2026-09-10
A44: E07 | B44: UTC and identity audit | C44: https://earthquake.usgs.gov/fdsnws/event/1/ | D44: NGA matching independently checked within date +/- 1 day, 100 km and magnitude +/- 0.7; multi-candidate sequences resolved using origin time. Source HRMN is not uniformly UTC. | E44: 2026-09-10
A45: E08 | B45: CWA Taipo confirmation | C45: https://scweb.cwa.gov.tw/zh-tw/earthquake/imgs/2001091806444450101 | D45: 2001-09-18 06:44:44 Taiwan local = 2001-09-17 22:44:44 UTC; confirms Taipo identity independently of USGS catalog location. | E45: 2026-09-10
A46: E09 | B46: CWA Taitung confirmation | C46: https://scweb.cwa.gov.tw/zh-tw/earthquake/imgs/2007080908554757050 | D46: 2007-08-09 08:55:47 Taiwan local = 00:55:47 UTC; confirms Taitung identity. | E46: 2026-09-10
A48: E10 | B48: Calculated Yen(2025) Turkey R_hypo | C48: YEN!F90:F119; station coordinates: Pulse_records H/I via active row mapping | D48: R_hypo = SQRT(R_epi^2 + depth^2). R_epi: haversine great-circle distance, spherical Earth radius 6371 km. Hypocenter: same-row catalog latitude/longitude/depth (R:S:T). Station elevation assumed zero; local flat-depth approximation. Values calculated, not original published distances. Display 0.01 km is not accuracy. | E48: 2026-09-10
A50: E11 | B50: 有效主表範圍 | C50: S&B / NCREE / YEN -> Pulse_records | D50: 701筆。保留record_id與原source_sheet/source_row，新增active_sheet/active_row。排除Baker_moderate157、Kamai84、uncorrected fling34。Station_coords與repeat_count依有效記錄重算；YEN30筆計算Rhyp連動到主表。 | E50: 2026-09-10
A52: E12 | B52: User-provided earthquake Table 1 | C52: /Users/mingshen/Desktop/Screenshot 2026-09-10 at 23.58.23.png | D52: Screenshot Table 1, Summary of the Parameters of the Earthquakes Considered in This Work. Five events; Kumamoto mainshock has two strike/dip rows. Bibliographic citation absent. Selected parameters applied to YEN and shared event enrichment; USGS comparison/finite-fault values retained. | E52: 2026-09-10
... A63: IBURI_RHYP_UPDATE | B63: User-approved Iburi Rhyp replacement | C63: User message2026-09-11; FSP_IBURI | D63: Four YEN rows82:85 updated with sqrt(Repi²+depth²); Repi from6371km sphere; source42.6908N142.0067E depth37.04km; station elevation0. Native Rrup retained. Superseded Rhyp preserved in Distance_check AG665:AG668. | E63: 2026-09-11

Sheet Station_coords
A1: station_key | B1: station_names | C1: latitude_deg | D1: longitude_deg | E1: coord_status | F1: source_record_count | G1: source_sheets | H1: events | I1: coord_source_ids | J1: example_source_ref | K1: coord_note
A2: CN:deyangbaima | B2: Deyangbaima | C2: 31.3 | D2: 104.5 | E2: matched | F2: 1 | G2: S&B | H2: Wenchuan, China | I2: S02 | J2: ROTD50_d050 row 4717; RSN=4716; Deyangbaima
A3: CN:jiashi | B3: Jiashi | C3: 39.496 | D3: 76.739 | E3: matched | F3: 1 | G3: S&B | H3: Northwest China-03 | I3: S02 | J3: ROTD50_d050 row 1753; RSN=1752; Jiashi
A4: CN:mianzuqingping | B4: Mianzuqingping | C4: 31.5 | D4: 104.1 | E4: matched | F4: 1 | G4: S&B | H4: Wenchuan, China | I4: S02 | J4: ROTD50_d050 row 4817; RSN=4816; Mianzuqingping
A5: GR:kalamatabsmt2ndtrigger | B5: Kalamata (bsmt) (2nd trigger) | C5: 37.03 | D5: 22.12 | E5: matched | F5: 1 | G5: S&B | H5: Kalamata, Greece-02 | I5: S02 | J5: ROTD50_d050 row 567; RSN=566; Kalamata (bsmt) (2nd trigger)
A6: GR:kalamatabsmt2ndtrigger | B6: Kalamata (bsmt) (2nd trigger) | C6: 37.03 | D6: 22.12 | E6: original | F6: 1 | G6: NCREE | H6: 1986_Kalamata_02_Greece | I6: S01 | J6: Taiwan database(NCREE)!H27:I27
A7: IR:bam | B7: Bam | C7: 29.097 | D7: 58.353 | E7: matched | F7: 1 | G7: S&B | H7: Bam, Iran | I7: S02 | J7: ROTD50_d050 row 4041; RSN=4040; Bam
A8: IR:bam | B8: Bam | C8: 29.097 | D8: 58.353 | E8: original | F8: 1 | G8: NCREE | H8: 2003_Bam_Iran | I8: S01 | J8: Taiwan database(NCREE)!H183:I183
A9: IR:tabas | B9: Tabas | C9: 33.58 | D9: 56.92 | E9: matched | F9: 1 | G9: S&B | H9: Tabas, Iran | I9: S02 | J9: ROTD50_d050 row 144; RSN=143; Tabas
A10: IR:tabas | B10: Tabas | C10: 33.58 | D10: 56.92 | E10: original | F10: 1 | G10: NCREE | H10: 1978_Tabas_Iran | I10: S01 | J10: Taiwan database(NCREE)!H3:I3
A11: IT:bagnoliirpinio | B11: Bagnoli Irpinio | C11: 40.821 | D11: 15.069 | E11: matched | F11: 1 | G11: S&B | H11: Irpinia, Italy-01 | I11: S02 | J11: ROTD50_d050 row 286; RSN=285; Bagnoli Irpinio
A12: IT:bagnoliirpinio | B12: Bagnoli Irpinio | C12: 40.821 | D12: 15.069 | E12: original | F12: 1 | G12: NCREE | H12: 1980_Irpinia_01_Italy | I12: S01 | J12: Taiwan database(NCREE)!H22:I22
A13: IT:laquilaparking | B13: L'Aquila - Parking | C13: 42.345 | D13: 13.401 | E13: matched | F13: 1 | G13: S&B | H13: L'Aquila, Italy | I13: S02 | J13: ROTD50_d050 row 4484; RSN=4483; L'Aquila - Parking
... A20: IT:sturnostn | B20: Sturno (STN) | C20: 41.0184 | D20: 15.1117 | E20: original | F20: 1 | G20: NCREE | H20: 1980_Irpinia_01_Italy | I20: S01 | J20: Taiwan database(NCREE)!H23:I23
A21: JP:47004 | B21: 47004 | C21: 42.6226 | D21: 141.9204 | E21: matched | F21: 1 | G21: YEN | H21: Iburi | I21: U47004 | J21: User message 2026-09-11: lon141.9204 lat42.6226 | K21: User-provided coordinates; elevation unavailable.
A22: JP:93002 | B22: 93002 | C22: 32.968 | D22: 131.046 | E22: matched | F22: 1 | G22: YEN | H22: Kumamoto mainshock | I22: S03 | J22: line 96
A23: JP:93009 | B23: 93009 | C23: 32.822 | D23: 131.084 | E23: matched | F23: 1 | G23: YEN | H23: Kumamoto mainshock | I23: S03 | J23: line 101
A24: JP:93010 | B24: 93010 | C24: 32.819 | D24: 131.034 | E24: matched | F24: 1 | G24: YEN | H24: Kumamoto mainshock | I24: S03 | J24: line 102
A25: JP:93011 | B25: 93011 | C25: 32.856 | D25: 131.003 | E25: matched | F25: 1 | G25: YEN | H25: Kumamoto mainshock | I25: S03 | J25: line 103
A26: JP:93020 | B26: 93020 | C26: 32.643 | D26: 130.671 | E26: matched | F26: 2 | G26: YEN | H26: Kumamoto foreshock; Kumamoto mainshock | I26: S03 | J26: line 65
A27: JP:93021 | B27: 93021 | C27: 32.706 | D27: 130.731 | E27: matched | F27: 1 | G27: YEN | H27: Kumamoto foreshock | I27: S03 | J27: line 66
A28: JP:93024 | B28: 93024 | C28: 32.589 | D28: 130.707 | E28: matched | F28: 1 | G28: YEN | H28: Kumamoto foreshock | I28: S03 | J28: line 106
A29: JP:93025 | B29: 93025 | C29: 32.636 | D29: 130.752 | E29: matched | F29: 2 | G29: YEN | H29: Kumamoto foreshock; Kumamoto mainshock | I29: S03 | J29: line 68
A30: JP:93029 | B30: 93029 | C30: 32.874 | D30: 130.558 | E30: matched | F30: 1 | G30: YEN | H30: Kumamoto mainshock | I30: S03 | J30: line 108
A31: JP:93030 | B31: 93030 | C31: 32.861 | D31: 130.595 | E31: matched | F31: 1 | G31: YEN | H31: Kumamoto mainshock | I31: S03 | J31: line 109
A32: JP:93041 | B32: 93041 | C32: 32.966 | D32: 130.767 | E32: matched | F32: 1 | G32: YEN | H32: Kumamoto mainshock | I32: S03 | J32: line 118
A33: JP:93042 | B33: 93042 | C33: 32.943 | D33: 130.858 | E33: matched | F33: 1 | G33: YEN | H33: Kumamoto mainshock | I33: S03 | J33: line 119
... A77: JP:portisland0m | B77: Port Island (0 m) | C77: 34.67 | D77: 135.201 | E77: original | F77: 1 | G77: NCREE | H77: 1995_Kobe_Japan | I77: S01 | J77: Taiwan database(NCREE)!H59:I59
A78: JP:portisland83m | B78: Port Island (83 m) | E78: unresolved | F78: 1 | G78: S&B | H78: Kobe, Japan | K78: 未找到可確定對應的座標。
A79: JP:servicehall24mdepth | B79: SERVICE HALL: 2.4 M DEPTH | C79: 37.4267 | D79: 138.6083 | E79: matched | F79: 1 | G79: S&B | H79: Chuetsu-oki | I79: S02 | J79: ROTD50_d050 row 4897; RSN=4896; Kashiwazaki NPP, Service Hall Array 2.4 m depth
A80: JP:servicehall508mdepth | B80: SERVICE HALL:50.8 M DEPTH | E80: unresolved | F80: 1 | G80: S&B | H80: Chuetsu-oki | K80: 未找到可確定對應的座標。
A81: JP:takarazuka | B81: Takarazuka | C81: 34.809 | D81: 135.344 | E81: matched | F81: 1 | G81: S&B | H81: Kobe, Japan | I81: S02 | J81: ROTD50_d050 row 1120; RSN=1119; Takarazuka
A82: JP:takarazuka | B82: Takarazuka | C82: 34.809 | D82: 135.344 | E82: original | F82: 1 | G82: NCREE | H82: 1995_Kobe_Japan | I82: S01 | J82: Taiwan database(NCREE)!H60:I60
A83: JP:takatori | B83: Takatori | C83: 34.649 | D83: 135.139 | E83: matched | F83: 1 | G83: S&B | H83: Kobe, Japan | I83: S02 | J83: ROTD50_d050 row 1121; RSN=1120; Takatori
A84: JP:takatori | B84: Takatori | C84: 34.649 | D84: 135.139 | E84: original | F84: 1 | G84: NCREE | H84: 1995_Kobe_Japan | I84: S01 | J84: Taiwan database(NCREE)!H61:I61
A85: JP:ttr008 | B85: TTR008 | C85: 35.4227 | D85: 133.3327 | E85: matched | F85: 1 | G85: S&B | H85: Tottori, Japan | I85: S02 | J85: ROTD50_d050 row 3966; RSN=3965; TTR008
A86: JP:ttr008 | B86: TTR008 | C86: 35.4227 | D86: 133.3327 | E86: original | F86: 1 | G86: NCREE | H86: 2000_Tottori_Japan | I86: S01 | J86: Taiwan database(NCREE)!H168:I168
A87: JP:yansakuramachicitywatershed | B87: Yan Sakuramachi City watershed | C87: 37.6233 | D87: 138.8428 | E87: matched | F87: 1 | G87: S&B | H87: Chuetsu-oki | I87: S02 | J87: ROTD50_d050 row 4880; RSN=4879; Yan Sakuramachi City watershed
A88: JP:yoshikawakujoetsucity | B88: Yoshikawaku Joetsu City | C88: 37.2203 | D88: 138.4081 | E88: matched | F88: 1 | G88: S&B | H88: Chuetsu-oki | I88: S02 | J88: ROTD50_d050 row 4851; RSN=4850; Yoshikawaku Joetsu City
A89: ME:barskupstinaopstine | B89: Bar-Skupstina Opstine | C89: 42.095 | D89: 19.101 | E89: matched | F89: 1 | G89: S&B | H89: Montenegro, Yugo. | I89: S02 | J89: ROTD50_d050 row 4452; RSN=4451; Bar-Skupstina Opstine
A90: ME:barskupstinaopstine | B90: Bar-Skupstina Opstine | C90: 42.095 | D90: 19.101 | E90: original | F90: 1 | G90: NCREE | H90: 1979_Montenegro_Yugoslavia | I90: S01 | J90: Taiwan database(NCREE)!H20:I20
A91: ME:ulcinjhotelolimpic | B91: Ulcinj - Hotel Olimpic | C91: 41.911 | D91: 19.249 | E91: matched | F91: 1 | G91: S&B | H91: Montenegro, Yugo. | I91: S02 | J91: ROTD50_d050 row 4459; RSN=4458; Ulcinj - Hotel Olimpic
A92: ME:ulcinjhotelolimpic | B92: Ulcinj - Hotel Olimpic | C92: 41.911 | D92: 19.249 | E92: original | F92: 1 | G92: NCREE | H92: 1979_Montenegro_Yugoslavia | I92: S01 | J92: Taiwan database(NCREE)!H21:I21
... A643: US:yermofirestation | B643: Yermo Fire Station | C643: 34.904 | D643: -116.823 | E643: original | F643: 1 | G643: NCREE | H643: 1992_Landers_USA | I643: S01 | J643: Taiwan database(NCREE)!H43:I43

Sheet Event_sources
A1: event_key | B1: event_names | C1: table_magnitudes | D1: source_status | E1: origin_date_utc | F1: origin_time_utc | G1: time_precision | H1: catalog_magnitude | I1: magnitude_type | J1: hypo_latitude_deg | K1: hypo_longitude_deg | L1: hypo_depth_km | M1: mechanism | N1: plane_definition | O1: strike1_deg | P1: dip1_deg | Q1: rake1_deg | R1: strike2_deg | S1: dip2_deg | T1: rake2_deg | U1: origin_source | V1: mechanism_source | W1: usgs_event_id | X1: source_url | Y1: nga_reference | Z1: nga_finite_fault_flag | AA1: nga_fault_name | AB1: nga_strike_deg | AC1: nga_dip_deg | AD1: nga_rake_deg | AE1: nga_ztor_km | AF1: nga_length_km | AG1: nga_width_km | AH1: ff_status | AI1: notes | AJ1: retrieved_date | AK1: ff_segment_count | AL1: ff_model_Mw | AM1: ff_moment_Nm | AN1: ff_max_slip_m | AO1: ff_model_area_km2 | AP1: ff_average_rise_s | AQ1: ff_average_rupture_velocity_km_s | AR1: ff_model_hypo_lat | AS1: ff_model_hypo_lon | AT1: ff_model_hypo_depth_km | AU1: ff_product_source | AV1: ff_product_code | AW1: ff_version | AX1: ff_updated_utc | AY1: ff_url | AZ1: ff_fsp_url | BA1: ff_param_url | BB1: ff_moment_rate_url | BC1: match_basis | BD1: time_source_url | BE1: source_scope | BF1: event_source_key
A2: 1954_northerncalif3 | B2: Northern Calif-03 | C2: 6.5 | D2: Original NGA source preferred | E2: 1954-12-21 | F2: 19:56:29.630Z | G2: USGS catalog timestamp | H2: 6.5 | I2: U | J2: 40.8167 | K2: -124.083 | L2: 10 | M2: Strike slip | N2: NGA-West2 representative fault plane | O2: 65.6 | P2: 90 | Q2: 0 | U2: Original NGA-West2 event metadata (coordinates, depth, magnitude); UTC time independently audited | V2: Original NGA-West2 strike/dip/rake | W2: iscgem891371 | X2: https://peer.berkeley.edu/node/74 | Y2: Updated NGA-West2 RotD50 d050 public flatfile; row 21; EQID 0017 | Z2: 0 | AB2: 65.6 | AC2: 90 | AD2: 0 | AE2: 4.008 | AF2: 14.9 | AG2: 9.1 | AH2: No matching USGS product in queried archive | AI2: Original NGA source parameters restored for S&B distances. USGS identity/time and finite-fault products are separate. Flatfile mirror provenance: Sources_method E03/E04. | AJ2: 2026-09-10 | BC2: NGA event name/year and EQID; USGS date, magnitude and location; sequence distinguished by origin time. | BD2: https://earthquake.usgs.gov/earthquakes/eventpage/iscgem891371 | BE2: S&B | BF2: S&B::1954_northerncalif3
A3: 1971_sanfernando | B3: San Fernando | 1971_SanFernando_USA | C3: 6.6 | D3: Original NGA source preferred | E3: 1971-02-09 | F3: 14:00:41.920Z | G3: USGS catalog timestamp | H3: 6.61 | I3: Mw | J3: 34.44 | K3: -118.41 | L3: 13 | M3: Reverse-oblique | N3: NGA-West2 representative fault plane | O3: 288 | P3: 50 | Q3: 83 | U3: Original NGA-West2 event metadata (coordinates, depth, magnitude); UTC time independently audited | V3: Original NGA-West2 strike/dip/rake | W3: ci3347678 | X3: https://peer.berkeley.edu/node/74 | Y3: Updated NGA-West2 RotD50 d050 public flatfile; row 52; EQID 0030 | Z3: 1 | AA3: Sierra Madre-San Fernando | AB3: 288 | AC3: 50 | AD3: 83 | AE3: 0 | AF3: 20 | AG3: 27.4 | AH3: No matching USGS product in queried archive | AI3: Original NGA source parameters restored for S&B distances. USGS identity/time and finite-fault products are separate. Flatfile mirror provenance: Sources_method E03/E04. | AJ3: 2026-09-10 | BC3: NGA event name/year and EQID; USGS date, magnitude and location; sequence distinguished by origin time. | BD3: https://earthquake.usgs.gov/earthquakes/eventpage/ci3347678 | BE3: S&B | BF3: S&B::1971_sanfernando
A4: 1978_tabas | B4: Tabas, Iran | 1978_Tabas_Iran | C4: 7.3 | 7.4 | D4: Original NGA source preferred | E4: 1978-09-16 | F4: 15:35:56.600Z | G4: USGS catalog timestamp | H4: 7.35 | I4: Mw | J4: 33.215 | K4: 57.323 | L4: 5.75 | M4: Reverse-oblique | N4: NGA-West2 representative fault plane | O4: 330 | P4: 25 | Q4: 110 | U4: Original NGA-West2 event metadata (coordinates, depth, magnitude); UTC time independently audited | V4: Original NGA-West2 strike/dip/rake | W4: usp0000wjx | X4: https://peer.berkeley.edu/node/74 | Y4: Updated NGA-West2 RotD50 d050 public flatfile; row 138; EQID 0046 | Z4: 1 | AB4: 330 | AC4: 25 | AD4: 110 | AE4: 1 | AF4: 90 | AG4: 35 | AH4: No matching USGS product in queried archive | AI4: Original NGA source parameters restored for S&B distances. USGS identity/time and finite-fault products are separate. Flatfile mirror provenance: Sources_method E03/E04. | AJ4: 2026-09-10 | BC4: NGA event name/year and EQID; USGS date, magnitude and location; sequence distinguished by origin time. | BD4: https://earthquake.usgs.gov/earthquakes/eventpage/usp0000wjx | BE4: S&B | BF4: S&B::1978_tabas
A5: 1979_montenegro | B5: Montenegro, Yugo. | 1979_Montenegro_Yugoslavia | C5: 7.1 | D5: Original NGA source preferred | E5: 1979-04-15 | F5: 06:19:44.100Z | G5: USGS catalog timestamp | H5: 7.1 | I5: Mw | J5: 42.04 | K5: 19.21 | L5: 7 | M5: Reverse-oblique | N5: NGA-West2 representative fault plane | O5: 300 | P5: 14 | Q5: 88 | U5: Original NGA-West2 event metadata (coordinates, depth, magnitude); UTC time independently audited | V5: Original NGA-West2 strike/dip/rake | W5: usp000100b | X5: https://peer.berkeley.edu/node/74 | Y5: Updated NGA-West2 RotD50 d050 public flatfile; row 4452; EQID 0262 | Z5: 1 | AB5: 300 | AC5: 14 | AD5: 88 | AE5: 3.61 | AF5: 54 | AG5: 34 | AH5: No matching USGS product in queried archive | AI5: Original NGA source parameters restored for S&B distances. USGS identity/time and finite-fault products are separate. Flatfile mirror provenance: Sources_method E03/E04. | AJ5: 2026-09-10 | BC5: NGA event name/year and EQID; USGS date, magnitude and location; sequence distinguished by origin time. | BD5: https://earthquake.usgs.gov/earthquakes/eventpage/usp000100b | BE5: S&B | BF5: S&B::1979_montenegro
A6: 1979_coyotelake | B6: Coyote Lake | 1979_CoyoteLake_USA | C6: 5.7 | D6: Original NGA source preferred | E6: 1979-08-06 | F6: 17:05:22.930Z | G6: USGS catalog timestamp | H6: 5.74 | I6: Mw | J6: 37.065 | K6: -121.49 | L6: 8 | M6: Strike slip | N6: NGA-West2 representative fault plane | O6: 336 | P6: 80 | Q6: 176 | U6: Original NGA-West2 event metadata (coordinates, depth, magnitude); UTC time independently audited | V6: Original NGA-West2 strike/dip/rake | W6: nc1046962 | X6: https://peer.berkeley.edu/node/74 | Y6: Updated NGA-West2 RotD50 d050 public flatfile; row 146; EQID 0048 | Z6: 1 | AA6: Calaveras fault south | AB6: 336 | AC6: 80 | AD6: 176 | AE6: 3.08 | AF6: 6.6 | AG6: 7 | AH6: No matching USGS product in queried archive | AI6: Original NGA source parameters restored for S&B distances. USGS identity/time and finite-fault products are separate. Flatfile mirror provenance: Sources_method E03/E04. | AJ6: 2026-09-10 | BC6: NGA event name/year and EQID; USGS date, magnitude and location; sequence distinguished by origin time. | BD6: https://earthquake.usgs.gov/earthquakes/eventpage/nc1046962 | BE6: S&B | BF6: S&B::1979_coyotelake
A7: 1979_imperialvalley6 | B7: Imperial Valley-06 | 1979_ImperialValley_06_USA | C7: 6.5 | D7: Original NGA source preferred | E7: 1979-10-15 | F7: 23:16:53.910Z | G7: USGS catalog timestamp | H7: 6.53 | I7: Mw | J7: 32.644 | K7: -115.307 | L7: 9.96 | M7: Strike slip | N7: NGA-West2 representative fault plane | O7: 323 | P7: 80 | Q7: 180 | U7: Original NGA-West2 event metadata (coordinates, depth, magnitude); UTC time independently audited | V7: Original NGA-West2 strike/dip/rake | W7: ci3352060 | X7: https://peer.berkeley.edu/node/74 | Y7: Updated NGA-West2 RotD50 d050 public flatfile; row 159; EQID 0050 | Z7: 1 | AA7: Imperial fault | AB7: 323 | AC7: 80 | AD7: 180 | AE7: 0 | AF7: 50 | AG7: 13 | AH7: No matching USGS product in queried archive | AI7: Original NGA source parameters restored for S&B distances. USGS identity/time and finite-fault products are separate. Flatfile mirror provenance: Sources_method E03/E04. | AJ7: 2026-09-10 | BC7: NGA event name/year and EQID; USGS date, magnitude and location; sequence distinguished by origin time. | BD7: https://earthquake.usgs.gov/earthquakes/eventpage/ci3352060 | BE7: S&B | BF7: S&B::1979_imperialvalley6
A8: 1979_imperialvalley7 | B8: Imperial Valley-07 | C8: 5 | D8: Original NGA source preferred | E8: 1979-10-15 | F8: 23:19:29.980Z | G8: USGS catalog timestamp | H8: 5.01 | I8: Mw | J8: 32.7667 | K8: -115.4413 | L8: 9.5 | M8: Strike slip | N8: NGA-West2 representative fault plane | O8: 319.9 | P8: 90 | Q8: 180 | U8: Original NGA-West2 event metadata (coordinates, depth, magnitude); UTC time independently audited | V8: Original NGA-West2 strike/dip/rake | W8: ci9712718 | X8: https://peer.berkeley.edu/node/74 | Y8: Updated NGA-West2 RotD50 d050 public flatfile; row 194; EQID 0051 | Z8: 0 | AB8: 319.9 | AC8: 90 | AD8: 180 | AE8: 7.261 | AF8: 3.6 | AG8: 4.2 | AH8: No matching USGS product in queried archive | AI8: Original NGA source parameters restored for S&B distances. USGS identity/time and finite-fault products are separate. Flatfile mirror provenance: Sources_method E03/E04. | AJ8: 2026-09-10 | BC8: NGA event name/year and EQID; USGS date, magnitude and location; sequence distinguished by origin time. | BD8: https://earthquake.usgs.gov/earthquakes/eventpage/ci9712718 | BE8: S&B | BF8: S&B::1979_imperialvalley7
A9: 1980_irpinia1 | B9: Irpinia, Italy-01 | 1980_Irpinia_01_Italy | C9: 6.9 | D9: Original NGA source preferred | E9: 1980-11-23 | F9: 18:34:53.800Z | G9: USGS catalog timestamp | H9: 6.9 | I9: Mw | J9: 40.8059 | K9: 15.3372 | L9: 9.5 | M9: Normal | N9: NGA-West2 representative fault plane | O9: 312.8 | P9: 60 | Q9: -90 | U9: Original NGA-West2 event metadata (coordinates, depth, magnitude); UTC time independently audited | V9: Original NGA-West2 strike/dip/rake | W9: usp0001ay4 | X9: https://peer.berkeley.edu/node/74 | Y9: Updated NGA-West2 RotD50 d050 public flatfile; row 284; EQID 0068 | Z9: 1 | AB9: 312.8 | AC9: 60 | AD9: -90 | AE9: 0 | AF9: 47 | AG9: 15 | AH9: No matching USGS product in queried archive | AI9: Original NGA source parameters restored for S&B distances. USGS identity/time and finite-fault products are separate. Flatfile mirror provenance: Sources_method E03/E04. | AJ9: 2026-09-10 | BC9: NGA event name/year and EQID; USGS date, magnitude and location; sequence distinguished by origin time. | BD9: https://earthquake.usgs.gov/earthquakes/eventpage/usp0001ay4 | BE9: S&B | BF9: S&B::1980_irpinia1
A10: 1980_mammothlakes6 | B10: Mammoth Lakes-06 | C10: 5.9 | D10: Original NGA source preferred | E10: 1980-05-27 | F10: 14:50:56.810Z | G10: USGS catalog timestamp | H10: 5.94 | I10: Mw | J10: 37.506 | K10: -118.826 | L10: 14 | M10: Strike slip | N10: NGA-West2 representative fault plane | O10: 22 | P10: 50 | Q10: -28 | U10: Original NGA-West2 event metadata (coordinates, depth, magnitude); UTC time independently audited | V10: Original NGA-West2 strike/dip/rake | W10: nc1053177 | X10: https://peer.berkeley.edu/node/74 | Y10: Updated NGA-West2 RotD50 d050 public flatfile; row 247; EQID 0061 | Z10: 0 | AB10: 22 | AC10: 50 | AD10: -28 | AE10: 10.578 | AF10: 9.2 | AG10: 5.3 | AH10: No matching USGS product in queried archive | AI10: Original NGA source parameters restored for S&B distances. USGS identity/time and finite-fault products are separate. Flatfile mirror provenance: Sources_method E03/E04. | AJ10: 2026-09-10 | BC10: NGA event name/year and EQID; USGS date, magnitude and location; sequence distinguished by origin time. | BD10: https://earthquake.usgs.gov/earthquakes/eventpage/nc1053177 | BE10: S&B | BF10: S&B::1980_mammothlakes6
A11: 1981_westmorland | B11: Westmorland | 1981_Westmorland_USA | C11: 5.9 | D11: Original NGA source preferred | E11: 1981-04-26 | F11: 12:09:28.290Z | G11: USGS catalog timestamp | H11: 5.9 | I11: Mw | J11: 33.1 | K11: -115.62 | L11: 2.3 | M11: Strike slip | N11: NGA-West2 representative fault plane | O11: 64 | P11: 90 | Q11: 0 | U11: Original NGA-West2 event metadata (coordinates, depth, magnitude); UTC time independently audited | V11: Original NGA-West2 strike/dip/rake | W11: ci514869 | X11: https://peer.berkeley.edu/node/74 | Y11: Updated NGA-West2 RotD50 d050 public flatfile; row 315; EQID 0073 | Z11: 1 | AB11: 64 | AC11: 90 | AD11: 0 | AE11: 2 | AF11: 10 | AG11: 7 | AH11: No matching USGS product in queried archive | AI11: Original NGA source parameters restored for S&B distances. USGS identity/time and finite-fault products are separate. Flatfile mirror provenance: Sources_method E03/E04. | AJ11: 2026-09-10 | BC11: NGA event name/year and EQID; USGS date, magnitude and location; sequence distinguished by origin time. | BD11: https://earthquake.usgs.gov/earthquakes/eventpage/ci514869 | BE11: S&B | BF11: S&B::1981_westmorland
A12: 1983_coalinga2 | B12: Coalinga-02 | C12: 5.1 | D12: Original NGA source preferred | E12: 1983-05-09 | F12: 02:49:11.540Z | G12: USGS catalog timestamp | H12: 5.09 | I12: Mw | J12: 36.246 | K12: -120.299 | L12: 12 | M12: Reverse-oblique | N12: NGA-West2 representative fault plane | O12: 136 | P12: 44 | Q12: 106 | U12: Original NGA-West2 event metadata (coordinates, depth, magnitude); UTC time independently audited | V12: Original NGA-West2 strike/dip/rake | W12: nc1093715 | X12: https://peer.berkeley.edu/node/74 | Y12: Updated NGA-West2 RotD50 d050 public flatfile; row 371; EQID 0077 | Z12: 0 | AB12: 136 | AC12: 44 | AD12: 106 | AE12: 10.55 | AF12: 4.1 | AG12: 4.6 | AH12: No matching USGS product in queried archive | AI12: Original NGA source parameters restored for S&B distances. USGS identity/time and finite-fault products are separate. Flatfile mirror provenance: Sources_method E03/E04. | AJ12: 2026-09-10 | BC12: NGA event name/year and EQID; USGS date, magnitude and location; sequence distinguished by origin time. | BD12: https://earthquake.usgs.gov/earthquakes/eventpage/nc1093715 | BE12: S&B | BF12: S&B::1983_coalinga2
A13: 1983_coalinga5 | B13: Coalinga-05 | C13: 5.8 | D13: Original NGA source preferred | E13: 1983-07-22 | F13: 02:39:53.960Z | G13: USGS catalog timestamp | H13: 5.77 | I13: Mw | J13: 36.241 | K13: -120.409 | L13: 7.4 | M13: Reverse-oblique | N13: NGA-West2 representative fault plane | O13: 355 | P13: 38 | Q13: 102 | U13: Original NGA-West2 event metadata (coordinates, depth, magnitude); UTC time independently audited | V13: Original NGA-West2 strike/dip/rake | W13: nc1098982 | X13: https://peer.berkeley.edu/node/74 | Y13: Updated NGA-West2 RotD50 d050 public flatfile; row 406; EQID 0080 | Z13: 0 | AB13: 355 | AC13: 38 | AD13: 102 | AE13: 5.414 | AF13: 6.3 | AG13: 6.1 | AH13: No matching USGS product in queried archive | AI13: Original NGA source parameters restored for S&B distances. USGS identity/time and finite-fault products are separate. Flatfile mirror provenance: Sources_method E03/E04. | AJ13: 2026-09-10 | BC13: NGA event name/year and EQID; USGS date, magnitude and location; sequence distinguished by origin time. | BD13: https://earthquake.usgs.gov/earthquakes/eventpage/nc1098982 | BE13: S&B | BF13: S&B::1983_coalinga5
A14: 1983_coalinga7 | B14: Coalinga-07 | C14: 5.2 | D14: Original NGA source preferred | E14: 1983-07-25 | F14: 22:31:39.480Z | G14: USGS catalog timestamp | H14: 5.21 | I14: Mw | J14: 36.229 | K14: -120.398 | L14: 8.4 | M14: Reverse-oblique | N14: NGA-West2 representative fault plane | O14: 348.1 | P14: 38 | Q14: 90 | U14: Original NGA-West2 event metadata (coordinates, depth, magnitude); UTC time independently audited | V14: Original NGA-West2 strike/dip/rake | W14: nc1099288 | X14: https://peer.berkeley.edu/node/74 | Y14: Updated NGA-West2 RotD50 d050 public flatfile; row 419; EQID 0082 | Z14: 0 | AB14: 348.1 | AC14: 38 | AD14: 90 | AE14: 7.127 | AF14: 4.5 | AG14: 4.6 | AH14: No matching USGS product in queried archive | AI14: Original NGA source parameters restored for S&B distances. USGS identity/time and finite-fault products are separate. Flatfile mirror provenance: Sources_method E03/E04. | AJ14: 2026-09-10 | BC14: NGA event name/year and EQID; USGS date, magnitude and location; sequence distinguished by origin time. | BD14: https://earthquake.usgs.gov/earthquakes/eventpage/nc1099288 | BE14: S&B | BF14: S&B::1983_coalinga7
A15: 1984_morganhill | B15: Morgan Hill | 1984_MorganHill_USA | C15: 6.2 | D15: Original NGA source preferred | E15: 1984-04-24 | F15: 21:15:18.760Z | G15: USGS catalog timestamp | H15: 6.19 | I15: Mw | J15: 37.306 | K15: -121.695 | L15: 8.5 | M15: Strike slip | N15: NGA-West2 representative fault plane | O15: 148 | P15: 90 | Q15: 180 | U15: Original NGA-West2 event metadata (coordinates, depth, magnitude); UTC time independently audited | V15: Original NGA-West2 strike/dip/rake | W15: nc17204 | X15: https://peer.berkeley.edu/node/74 | Y15: Updated NGA-West2 RotD50 d050 public flatfile; row 447; EQID 0090 | Z15: 1 | AA15: Calaveras fault south | AB15: 148 | AC15: 90 | AD15: 180 | AE15: 0.5 | AF15: 27 | AG15: 11.5 | AH15: No matching USGS product in queried archive | AI15: Original NGA source parameters restored for S&B distances. USGS identity/time and finite-fault products are separate. Flatfile mirror provenance: Sources_method E03/E04. | AJ15: 2026-09-10 | BC15: NGA event name/year and EQID; USGS date, magnitude and location; sequence distinguished by origin time. | BD15: https://earthquake.usgs.gov/earthquakes/eventpage/nc17204 | BE15: S&B | BF15: S&B::1984_morganhill
A16: 1986_kalamata2 | B16: Kalamata, Greece-02 | 1986_Kalamata_02_Greece | C16: 5.4 | D16: Original NGA source preferred | E16: 1986-09-15 | F16: 11:41:27.860Z | G16: USGS catalog timestamp | H16: 5.4 | I16: MS | J16: 37.08 | K16: 22.07 | L16: 5 | M16: Normal | N16: NGA-West2 representative fault plane | O16: 332.3 | P16: 55 | Q16: -90 | U16: Original NGA-West2 event metadata (coordinates, depth, magnitude); UTC time independently audited | V16: Original NGA-West2 strike/dip/rake | W16: usp0002y3u | X16: https://peer.berkeley.edu/node/74 | Y16: Updated NGA-West2 RotD50 d050 public flatfile; row 566; EQID 0107 | Z16: 0 | AB16: 332.3 | AC16: 55 | AD16: -90 | AE16: 2.603 | AF16: 6.3 | AG16: 3.9 | AH16: No matching USGS product in queried archive | AI16: Original NGA source parameters restored for S&B distances. USGS identity/time and finite-fault products are separate. Flatfile mirror provenance: Sources_method E03/E04. | AJ16: 2026-09-10 | BC16: NGA event name/year and EQID; USGS date, magnitude and location; sequence distinguished by origin time. | BD16: https://earthquake.usgs.gov/earthquakes/eventpage/usp0002y3u | BE16: S&B | BF16: S&B::1986_kalamata2
A17: 1986_npalmsprings | B17: N. Palm Springs | C17: 6.1 | D17: Original NGA source preferred | E17: 1986-07-08 | F17: 09:20:44.560Z | G17: USGS catalog timestamp | H17: 6.06 | I17: Mw | J17: 34 | K17: -116.6117 | L17: 11 | M17: Reverse-oblique | N17: NGA-West2 representative fault plane | O17: 287 | P17: 46 | Q17: 150 | U17: Original NGA-West2 event metadata (coordinates, depth, magnitude); UTC time independently audited | V17: Original NGA-West2 strike/dip/rake | W17: ci700917 | X17: https://peer.berkeley.edu/node/74 | Y17: Updated NGA-West2 RotD50 d050 public flatfile; row 512; EQID 0101 | Z17: 1 | AA17: San Andreas fault, southern section | AB17: 287 | AC17: 46 | AD17: 150 | AE17: 4 | AF17: 20 | AG17: 13.3 | AH17: No matching USGS product in queried archive | AI17: Original NGA source parameters restored for S&B distances. USGS identity/time and finite-fault products are separate. Flatfile mirror provenance: Sources_method E03/E04. | AJ17: 2026-09-10 | BC17: NGA event name/year and EQID; USGS date, magnitude and location; sequence distinguished by origin time. | BD17: https://earthquake.usgs.gov/earthquakes/eventpage/ci700917 | BE17: S&B | BF17: S&B::1986_npalmsprings
A18: 1986_smart140 | B18: Taiwan SMART1(40) | C18: 6.3 | D18: Original NGA source preferred | E18: 1986-05-20 | F18: 05:25:46.960Z | G18: USGS catalog timestamp | H18: 6.32 | I18: Mw | J18: 24.0817 | K18: 121.5915 | L18: 15.8 | M18: Reverse-oblique | N18: NGA-West2 representative fault plane | O18: 43 | P18: 57 | Q18: 100 | U18: Original NGA-West2 event metadata (coordinates, depth, magnitude); UTC time independently audited | V18: Original NGA-West2 strike/dip/rake | W18: usp0002u79 | X18: https://peer.berkeley.edu/node/74 | Y18: Updated NGA-West2 RotD50 d050 public flatfile; row 504; EQID 0100 | Z18: 0 | AB18: 43 | AC18: 57 | AD18: 100 | AE18: 12.09 | AF18: 13.8 | AG18: 11.8 | AH18: No matching USGS product in queried archive | AI18: Original NGA source parameters restored for S&B distances. USGS identity/time and finite-fault products are separate. Flatfile mirror provenance: Sources_method E03/E04. | AJ18: 2026-09-10 | BC18: NGA event name/year and EQID; USGS date, magnitude and location; sequence distinguished by origin time. | BD18: https://earthquake.usgs.gov/earthquakes/eventpage/usp0002u79 | BE18: S&B | BF18: S&B::1986_smart140
A19: 1986_sansalvador | B19: San Salvador | 1986_SanSalvador_USA | C19: 5.8 | D19: Original NGA source preferred | E19: 1986-10-10 | F19: 17:49:24.100Z | G19: USGS catalog timestamp | H19: 5.8 | I19: Mw | J19: 13.633 | K19: -89.2 | L19: 10.9 | M19: Strike slip | N19: NGA-West2 representative fault plane | O19: 32 | P19: 85 | Q19: 0 | U19: Original NGA-West2 event metadata (coordinates, depth, magnitude); UTC time independently audited | V19: Original NGA-West2 strike/dip/rake | W19: usp0002yu9 | X19: https://peer.berkeley.edu/node/74 | Y19: Updated NGA-West2 RotD50 d050 public flatfile; row 569; EQID 0108 | Z19: 1 | AB19: 32 | AC19: 85 | AD19: 0 | AE19: 5.92 | AF19: 8 | AG19: 7 | AH19: No matching USGS product in queried archive | AI19: Original NGA source parameters restored for S&B distances. USGS identity/time and finite-fault products are separate. Flatfile mirror provenance: Sources_method E03/E04. | AJ19: 2026-09-10 | BC19: NGA event name/year and EQID; USGS date, magnitude and location; sequence distinguished by origin time. | BD19: https://earthquake.usgs.gov/earthquakes/eventpage/usp0002yu9 | BE19: S&B | BF19: S&B::1986_sansalvador
A20: 1987_whittiernarrows1 | B20: Whittier Narrows-01 | C20: 6 | D20: Original NGA source preferred | E20: 1987-10-01 | F20: 14:42:20.020Z | G20: USGS catalog timestamp | H20: 5.99 | I20: Mw | J20: 34.0493 | K20: -118.081 | L20: 14.6 | M20: Reverse-oblique | N20: NGA-West2 representative fault plane | O20: 280 | P20: 30 | Q20: 150 | U20: Original NGA-West2 event metadata (coordinates, depth, magnitude); UTC time independently audited | V20: Original NGA-West2 strike/dip/rake | W20: ci731691 | X20: https://peer.berkeley.edu/node/74 | Y20: Updated NGA-West2 RotD50 d050 public flatfile; row 590; EQID 0113 | Z20: 1 | AA20: Puente Hills Blind Thrust | AB20: 280 | AC20: 30 | AD20: 150 | AE20: 14.5 | AF20: 10 | AG20: 6 | AH20: No matching USGS product in queried archive | AI20: Original NGA source parameters restored for S&B distances. USGS identity/time and finite-fault products are separate. Flatfile mirror provenance: Sources_method E03/E04. | AJ20: 2026-09-10 | BC20: NGA event name/year and EQID; USGS date, magnitude and location; sequence distinguished by origin time. | BD20: https://earthquake.usgs.gov/earthquakes/eventpage/ci731691 | BE20: S&B | BF20: S&B::1987_whittiernarrows1
A21: 1987_superstitionhills2 | B21: Superstition Hills-02 | 1987_SuperstitionHills_02_USA | C21: 6.5 | D21: Original NGA source preferred | E21: 1987-11-24 | F21: 13:15:56.710Z | G21: USGS catalog timestamp | H21: 6.54 | I21: Mw | J21: 33.0222 | K21: -115.8314 | L21: 9 | M21: Strike slip | N21: NGA-West2 representative fault plane | O21: 127 | P21: 90 | Q21: 180 | U21: Original NGA-West2 event metadata (coordinates, depth, magnitude); UTC time independently audited | V21: Original NGA-West2 strike/dip/rake | W21: ci628016 | X21: https://peer.berkeley.edu/node/74 | Y21: Updated NGA-West2 RotD50 d050 public flatfile; row 720; EQID 0116 | Z21: 1 | AA21: Superstition Hills fault | AB21: 127 | AC21: 90 | AD21: 180 | AE21: 0 | AF21: 20 | AG21: 12 | AH21: No matching USGS product in queried archive | AI21: Original NGA source parameters restored for S&B distances. USGS identity/time and finite-fault products are separate. Flatfile mirror provenance: Sources_method E03/E04. | AJ21: 2026-09-10 | BC21: NGA event name/year and EQID; USGS date, magnitude and location; sequence distinguished by origin time. | BD21: https://earthquake.usgs.gov/earthquakes/eventpage/ci628016 | BE21: S&B | BF21: S&B::1987_superstitionhills2
A22: 1989_lomaprieta | B22: Loma Prieta | 1989_LomaPrieta_USA | C22: 6.9 | D22: Original NGA source preferred | E22: 1989-10-18 | F22: 00:04:15.190Z | G22: USGS catalog timestamp | H22: 6.93 | I22: Mw | J22: 37.0407 | K22: -121.8829 | L22: 17.48 | M22: Reverse-oblique | N22: NGA-West2 representative fault plane | O22: 128 | P22: 70 | Q22: 140 | U22: Original NGA-West2 event metadata (coordinates, depth, magnitude); UTC time independently audited | V22: Original NGA-West2 strike/dip/rake | W22: nc216859 | X22: https://peer.berkeley.edu/node/74 | Y22: Updated NGA-West2 RotD50 d050 public flatfile; row 732; EQID 0118 | Z22: 1 | AA22: San Andreas-Santa Cruz | AB22: 128 | AC22: 70 | AD22: 140 | AE22: 3.85 | AF22: 40 | AG22: 18 | AH22: No matching USGS product in queried archive | AI22: Original NGA source parameters restored for S&B distances. USGS identity/time and finite-fault products are separate. Flatfile mirror provenance: Sources_method E03/E04. | AJ22: 2026-09-10 | BC22: NGA event name/year and EQID; USGS date, magnitude and location; sequence distinguished by origin time. | BD22: https://earthquake.usgs.gov/earthquakes/eventpage/nc216859 | BE22: S&B | BF22: S&B::1989_lomaprieta
A23: 1992_capemendocino | B23: Cape Mendocino | 1992_CapeMendocino_USA | C23: 7 | D23: Original NGA source preferred | E23: 1992-04-25 | F23: 18:06:05.180Z | G23: USGS catalog timestamp | H23: 7.01 | I23: Mw | J23: 40.327 | K23: -124.233 | L23: 9.5 | M23: Reverse-oblique | N23: NGA-West2 representative fault plane | O23: 350 | P23: 14 | Q23: 105 | U23: Original NGA-West2 event metadata (coordinates, depth, magnitude); UTC time independently audited | V23: Original NGA-West2 strike/dip/rake | W23: nc269151 | X23: https://peer.berkeley.edu/node/74 | Y23: Updated NGA-West2 RotD50 d050 public flatfile; row 826; EQID 0123 | Z23: 1 | AA23: Cascadia Subduction Zone | AB23: 350 | AC23: 14 | AD23: 105 | AE23: 5.2 | AF23: 20 | AG23: 28 | AH23: No matching USGS product in queried archive | AI23: Original NGA source parameters restored for S&B distances. USGS identity/time and finite-fault products are separate. Flatfile mirror provenance: Sources_method E03/E04. | AJ23: 2026-09-10 | BC23: NGA event name/year and EQID; USGS date, magnitude and location; sequence distinguished by origin time. | BD23: https://earthquake.usgs.gov/earthquakes/eventpage/nc269151 | BE23: S&B | BF23: S&B::1992_capemendocino
A24: 1992_joshuatreeca | B24: Joshua Tree, CA | C24: 6.1 | D24: Original NGA source preferred | E24: 1992-04-23 | F24: 04:50:23.230Z | G24: USGS catalog timestamp | H24: 6.1 | I24: Mw | J24: 33.96 | K24: -116.3167 | L24: 12.4 | M24: Strike slip | N24: NGA-West2 representative fault plane | O24: 340 | P24: 90 | Q24: 180 | U24: Original NGA-West2 event metadata (coordinates, depth, magnitude); UTC time independently audited | V24: Original NGA-West2 strike/dip/rake | W24: ci3019681 | X24: https://peer.berkeley.edu/node/74 | Y24: Updated NGA-West2 RotD50 d050 public flatfile; row 6875; EQID 0146 | Z24: 1 | AB24: 340 | AC24: 90 | AD24: 180 | AE24: 5 | AF24: 8 | AG24: 10.5 | AH24: No matching USGS product in queried archive | AI24: Original NGA source parameters restored for S&B distances. USGS identity/time and finite-fault products are separate. Flatfile mirror provenance: Sources_method E03/E04. | AJ24: 2026-09-10 | BC24: NGA event name/year and EQID; USGS date, magnitude and location; sequence distinguished by origin time. | BD24: https://earthquake.usgs.gov/earthquakes/eventpage/ci3019681 | BE24: S&B | BF24: S&B::1992_joshuatreeca
A25: 1992_landers | B25: Landers | LANDERS | 1992_Landers_USA | C25: 7.3 | D25: Original NGA source preferred | E25: 1992-06-28 | F25: 11:57:34.130Z | G25: USGS catalog timestamp | H25: 7.28 | I25: Mw | J25: 34.2 | K25: -116.436 | L25: 7 | M25: Strike slip | N25: NGA-West2 representative fault plane | O25: 336 | P25: 90 | Q25: 180 | U25: Original NGA-West2 event metadata (coordinates, depth, magnitude); UTC time independently audited | V25: Original NGA-West2 strike/dip/rake | W25: ci3031111 | X25: https://peer.berkeley.edu/node/74 | Y25: Updated NGA-West2 RotD50 d050 public flatfile; row 833; EQID 0125 | Z25: 1 | AA25: Landers fault (S. Johnson Valley) | AB25: 336 | AC25: 90 | AD25: 180 | AE25: 0 | AF25: 71.8 | AG25: 15 | AH25: No matching USGS product in queried archive | AI25: Original NGA source parameters restored for S&B distances. USGS identity/time and finite-fault products are separate. Flatfile mirror provenance: Sources_method E03/E04. | AJ25: 2026-09-10 | BC25: NGA event name/year and EQID; USGS date, magnitude and location; sequence distinguished by origin time. | BD25: https://earthquake.usgs.gov/earthquakes/eventpage/ci3031111 | BE25: S&B | BF25: S&B::1992_landers
A26: 1994_northridge1 | B26: Northridge-01 | 1994_Northridge_01_USA | C26: 6.7 | D26: Original NGA source preferred | E26: 1994-01-17 | F26: 12:30:55.390Z | G26: USGS catalog timestamp | H26: 6.69 | I26: Mw | J26: 34.2057 | K26: -118.5539 | L26: 17.5 | M26: Reverse-oblique | N26: NGA-West2 representative fault plane | O26: 122 | P26: 40 | Q26: 103 | U26: Original NGA-West2 event metadata (coordinates, depth, magnitude); UTC time independently audited | V26: Original NGA-West2 strike/dip/rake | W26: ci3144585 | X26: https://peer.berkeley.edu/node/74 | Y26: Updated NGA-West2 RotD50 d050 public flatfile; row 943; EQID 0127 | Z26: 1 | AA26: Northridge Blind Thrust | AB26: 122 | AC26: 40 | AD26: 103 | AE26: 5 | AF26: 18 | AG26: 24 | AH26: No matching USGS product in queried archive | AI26: Original NGA source parameters restored for S&B distances. USGS identity/time and finite-fault products are separate. Flatfile mirror provenance: Sources_method E03/E04. | AJ26: 2026-09-10 | BC26: NGA event name/year and EQID; USGS date, magnitude and location; sequence distinguished by origin time. | BD26: https://earthquake.usgs.gov/earthquakes/eventpage/ci3144585 | BE26: S&B | BF26: S&B::1994_northridge1
A27: 1995_kobe | B27: Kobe, Japan | 1995_Kobe_Japan | C27: 6.9 | D27: Original NGA source preferred | E27: 1995-01-16 | F27: 20:46:52.120Z | G27: USGS catalog timestamp | H27: 6.9 | I27: Mw | J27: 34.596 | K27: 135.011 | L27: 17.9 | M27: Strike slip | N27: NGA-West2 representative fault plane | O27: 230 | P27: 85 | Q27: 180 | U27: Original NGA-West2 event metadata (coordinates, depth, magnitude); UTC time independently audited | V27: Original NGA-West2 strike/dip/rake | W27: usp0006rew | X27: https://peer.berkeley.edu/node/74 | Y27: Updated NGA-West2 RotD50 d050 public flatfile; row 1101; EQID 0129 | Z27: 1 | AB27: 230 | AC27: 85 | AD27: 180 | AE27: 0.2 | AF27: 60 | AG27: 20 | AH27: No matching USGS product in queried archive | AI27: Original NGA source parameters restored for S&B distances. USGS identity/time and finite-fault products are separate. Flatfile mirror provenance: Sources_method E03/E04. | AJ27: 2026-09-10 | BC27: NGA event name/year and EQID; USGS date, magnitude and location; sequence distinguished by origin time. | BD27: https://earthquake.usgs.gov/earthquakes/eventpage/usp0006rew | BE27: S&B | BF27: S&B::1995_kobe
A28: 1997_northwest3 | B28: Northwest China-03 | C28: 6.1 | D28: Original NGA source preferred | E28: 1997-04-11 | F28: 05:34:42.780Z | G28: USGS catalog timestamp | H28: 6.1 | I28: Mw | J28: 39.5557 | K28: 76.9477 | L28: 20 | M28: Normal | N28: NGA-West2 representative fault plane | O28: 21 | P28: 45 | Q28: -89 | U28: Original NGA-West2 event metadata (coordinates, depth, magnitude); UTC time independently audited | V28: Original NGA-West2 strike/dip/rake | W28: usp00080b7 | X28: https://peer.berkeley.edu/node/74 | Y28: Updated NGA-West2 RotD50 d050 public flatfile; row 1753; EQID 0155 | Z28: 0 | AB28: 21 | AC28: 45 | AD28: -89 | AE28: 14.648 | AF28: 14.4 | AG28: 11.8 | AH28: No matching USGS product in queried archive | AI28: Original NGA source parameters restored for S&B distances. USGS identity/time and finite-fault products are separate. Flatfile mirror provenance: Sources_method E03/E04. | AJ28: 2026-09-10 | BC28: NGA event name/year and EQID; USGS date, magnitude and location; sequence distinguished by origin time. | BD28: https://earthquake.usgs.gov/earthquakes/eventpage/usp00080b7 | BE28: S&B | BF28: S&B::1997_northwest3
A29: 1999_chichi | B29: Chi-Chi, Taiwan | CHICHI | 1999_ChiChi_Taiwan | C29: 7.6 | 7.65 | D29: Original NGA source preferred | E29: 1999-09-20 | F29: 17:47:18.490Z | G29: USGS catalog timestamp | H29: 7.62 | I29: Mw | J29: 23.85 | K29: 120.82 | L29: 8 | M29: Reverse-oblique | N29: NGA-West2 representative fault plane | O29: 20 | P29: 33 | Q29: 55 | U29: Original NGA-West2 event metadata (coordinates, depth, magnitude); UTC time independently audited | V29: Original NGA-West2 strike/dip/rake | W29: usp0009eq0 | X29: https://peer.berkeley.edu/node/74 | Y29: Updated NGA-West2 RotD50 d050 public flatfile; row 1179; EQID 0137 | Z29: 1 | AB29: 20 | AC29: 33 | AD29: 55 | AE29: 0 | AF29: 88 | AG29: 34.6 | AH29: USGS model matched | AI29: Original NGA source parameters restored for S&B distances. USGS identity/time and finite-fault products are separate. Flatfile mirror provenance: Sources_method E03/E04. | AJ29: 2026-09-10 | AK29: 1 | AL29: 7.58 | AM29: 3.0437142e+20 | AN29: 5.6365 | AO29: 7322.4 | AP29: 2.92 | AQ29: 1.32 | AR29: 23.834 | AS29: 120.813 | AT29: 10 | AU29: us | AV29: usp0009eq0 | AX29: 43390.383 | AY29: https://earthquake.usgs.gov/earthquakes/eventpage/usp0009eq0/finite-fault | AZ29: https://earthquake.usgs.gov/product/finite-fault/usp0009eq0/us/1539796251799/complete_inversion.fsp | BA29: https://earthquake.usgs.gov/product/finite-fault/usp0009eq0/us/1539796251799/basic_inversion.param | BB29: https://earthquake.usgs.gov/product/finite-fault/usp0009eq0/us/1539796251799/moment_rate.mr | BC29: NGA event name/year and EQID; USGS date, magnitude and location; sequence distinguished by origin time. | BD29: https://earthquake.usgs.gov/earthquakes/eventpage/usp0009eq0 | BE29: S&B | BF29: S&B::1999_chichi
A30: 1999_chichi3 | B30: Chi-Chi, Taiwan-03 | 1999_ChiChi_03_Taiwan | C30: 6.2 | 6.3 | D30: Original NGA source preferred | E30: 1999-09-20 | F30: 18:03:44.290Z | G30: USGS catalog timestamp | H30: 6.2 | I30: Mw | J30: 23.81 | K30: 120.85 | L30: 7.8 | M30: Reverse-oblique | N30: NGA-West2 representative fault plane | O30: 360 | P30: 10 | Q30: 80 | U30: Original NGA-West2 event metadata (coordinates, depth, magnitude); UTC time independently audited | V30: Original NGA-West2 strike/dip/rake | W30: usp0009eq5 | X30: https://peer.berkeley.edu/node/74 | Y30: Updated NGA-West2 RotD50 d050 public flatfile; row 2453; EQID 0172 | Z30: 1 | AB30: 360 | AC30: 10 | AD30: 80 | AE30: 6.7 | AF30: 10 | AG30: 11 | AH30: No matching USGS product in queried archive | AI30: Original NGA source parameters restored for S&B distances. USGS identity/time and finite-fault products are separate. Flatfile mirror provenance: Sources_method E03/E04. | AJ30: 2026-09-10 | BC30: NGA event name/year and EQID; USGS date, magnitude and location; sequence distinguished by origin time. | BD30: https://earthquake.usgs.gov/earthquakes/eventpage/usp0009eq5 | BE30: S&B | BF30: S&B::1999_chichi3
A31: 1999_chichi6 | B31: Chi-Chi, Taiwan-06 | 1999_ChiChi_07_Taiwan | C31: 6.3 | 6.49 | D31: Original NGA source preferred | E31: 1999-09-25 | F31: 23:52:48.660Z | G31: USGS catalog timestamp | H31: 6.3 | I31: Mw | J31: 23.87 | K31: 121.01 | L31: 16 | M31: Reverse-oblique | N31: NGA-West2 representative fault plane | O31: 5 | P31: 30 | Q31: 100 | U31: Original NGA-West2 event metadata (coordinates, depth, magnitude); UTC time independently audited | V31: Original NGA-West2 strike/dip/rake | W31: usp0009f1e | X31: https://peer.berkeley.edu/node/74 | Y31: Updated NGA-West2 RotD50 d050 public flatfile; row 3259; EQID 0175 | Z31: 1 | AB31: 5 | AC31: 30 | AD31: 100 | AE31: 10 | AF31: 29 | AG31: 20 | AH31: No matching USGS product in queried archive | AI31: Original NGA source parameters restored for S&B distances. USGS identity/time and finite-fault products are separate. Flatfile mirror provenance: Sources_method E03/E04. | AJ31: 2026-09-10 | BC31: NGA event name/year and EQID; USGS date, magnitude and location; sequence distinguished by origin time. Cross-sheet aliases inferred from identical original hypocenters and sequence table (Wang et al. 2004); workbook names differ. | BD31: https://earthquake.usgs.gov/earthquakes/eventpage/usp0009f1e | BE31: S&B | BF31: S&B::1999_chichi6
A32: 1999_chichi4 | B32: Chi-Chi, Taiwan-04 | 1999_Chiayi_Taiwan | C32: 6.2 | 6.42 | D32: Original NGA source preferred | E32: 1999-09-20 | F32: 21:46:42.870Z | G32: USGS catalog timestamp | H32: 6.2 | I32: Mw | J32: 23.6 | K32: 120.82 | L32: 18 | M32: Strike slip | N32: NGA-West2 representative fault plane | O32: 330 | P32: 89 | Q32: 15 | U32: Original NGA-West2 event metadata (coordinates, depth, magnitude); UTC time independently audited | V32: Original NGA-West2 strike/dip/rake | W32: usp0009erf | X32: https://peer.berkeley.edu/node/74 | Y32: Updated NGA-West2 RotD50 d050 public flatfile; row 2695; EQID 0173 | Z32: 1 | AB32: 330 | AC32: 89 | AD32: 15 | AE32: 1.5 | AF32: 21.5 | AG32: 17.5 | AH32: No matching USGS product in queried archive | AI32: Original NGA source parameters restored for S&B distances. USGS identity/time and finite-fault products are separate. Flatfile mirror provenance: Sources_method E03/E04. | AJ32: 2026-09-10 | BC32: NGA event name/year and EQID; USGS date, magnitude and location; sequence distinguished by origin time. Cross-sheet aliases inferred from identical original hypocenters and sequence table (Wang et al. 2004); workbook names differ. | BD32: https://earthquake.usgs.gov/earthquakes/eventpage/usp0009erf | BE32: S&B | BF32: S&B::1999_chichi4
A33: 1999_duzce | B33: Duzce, Turkey | DUZCE | 1999_Duzce_Turkey | C33: 7.1 | D33: Original NGA source preferred | E33: 1999-11-12 | F33: 16:57:19.550Z | G33: USGS catalog timestamp | H33: 7.14 | I33: Mw | J33: 40.8345 | K33: 31.1346 | L33: 14 | M33: Strike slip | N33: NGA-West2 representative fault plane | O33: 270 | P33: 65 | Q33: -178 | U33: Original NGA-West2 event metadata (coordinates, depth, magnitude); UTC time independently audited | V33: Original NGA-West2 strike/dip/rake | W33: usp0009hev | X33: https://peer.berkeley.edu/node/74 | Y33: Updated NGA-West2 RotD50 d050 public flatfile; row 1600; EQID 0138 | Z33: 1 | AB33: 270 | AC33: 65 | AD33: -178 | AE33: 0 | AF33: 46.8 | AG33: 20 | AH33: No matching USGS product in queried archive | AI33: Original NGA source parameters restored for S&B distances. USGS identity/time and finite-fault products are separate. Flatfile mirror provenance: Sources_method E03/E04. | AJ33: 2026-09-10 | BC33: NGA event name/year and EQID; USGS date, magnitude and location; sequence distinguished by origin time. | BD33: https://earthquake.usgs.gov/earthquakes/eventpage/usp0009hev | BE33: S&B | BF33: S&B::1999_duzce
A34: 1999_kocaeli | B34: Kocaeli, Turkey | KOCAELI | 1999_Kocaeli_Turkey | C34: 7.5 | D34: Original NGA source preferred | E34: 1999-08-17 | F34: 00:01:39.130Z | G34: USGS catalog timestamp | H34: 7.51 | I34: Mw | J34: 40.748 | K34: 29.99 | L34: 16 | M34: Strike slip | N34: NGA-West2 representative fault plane | O34: 271 | P34: 80 | Q34: 180 | U34: Original NGA-West2 event metadata (coordinates, depth, magnitude); UTC time independently audited | V34: Original NGA-West2 strike/dip/rake | W34: usp0009d4z | X34: https://peer.berkeley.edu/node/74 | Y34: Updated NGA-West2 RotD50 d050 public flatfile; row 1147; EQID 0136 | Z34: 1 | AB34: 271 | AC34: 80 | AD34: 180 | AE34: 0 | AF34: 137.5 | AG34: 20.3 | AH34: USGS model matched | AI34: Original NGA source parameters restored for S&B distances. USGS identity/time and finite-fault products are separate. Flatfile mirror provenance: Sources_method E03/E04. | AJ34: 2026-09-10 | AK34: 1 | AL34: 7.53 | AM34: 2.5945313e+20 | AN34: 7.2274 | AO34: 5880 | AP34: 2.03 | AQ34: 2.15 | AR34: 40.75 | AS34: 29.86 | AT34: 17 | AU34: us | AV34: usp0009d4z | AX34: 43390.382 | AY34: https://earthquake.usgs.gov/earthquakes/eventpage/usp0009d4z/finite-fault | AZ34: https://earthquake.usgs.gov/product/finite-fault/usp0009d4z/us/1539796243080/complete_inversion.fsp | BA34: https://earthquake.usgs.gov/product/finite-fault/usp0009d4z/us/1539796243080/basic_inversion.param | BB34: https://earthquake.usgs.gov/product/finite-fault/usp0009d4z/us/1539796243080/moment_rate.mr | BC34: NGA event name/year and EQID; USGS date, magnitude and location; sequence distinguished by origin time. | BD34: https://earthquake.usgs.gov/earthquakes/eventpage/usp0009d4z | BE34: S&B | BF34: S&B::1999_kocaeli
A35: 2000_tottori | B35: Tottori, Japan | 2000_Tottori_Japan | C35: 6.6 | D35: Original NGA source preferred | E35: 2000-10-06 | F35: 04:30:19.150Z | G35: USGS catalog timestamp | H35: 6.61 | I35: Mw | J35: 35.275 | K35: 133.35 | L35: 12.5 | M35: Strike slip | N35: NGA-West2 representative fault plane | O35: 330 | P35: 90 | Q35: 0 | U35: Original NGA-West2 event metadata (coordinates, depth, magnitude); UTC time independently audited | V35: Original NGA-West2 strike/dip/rake | W35: usp000a1b0 | X35: https://peer.berkeley.edu/node/74 | Y35: Updated NGA-West2 RotD50 d050 public flatfile; row 3871; EQID 0176 | Z35: 1 | AB35: 330 | AC35: 90 | AD35: 0 | AE35: 0.5 | AF35: 38 | AG35: 20 | AH35: No matching USGS product in queried archive | AI35: Original NGA source parameters restored for S&B distances. USGS identity/time and finite-fault products are separate. Flatfile mirror provenance: Sources_method E03/E04. | AJ35: 2026-09-10 | BC35: NGA event name/year and EQID; USGS date, magnitude and location; sequence distinguished by origin time. | BD35: https://earthquake.usgs.gov/earthquakes/eventpage/usp000a1b0 | BE35: S&B | BF35: S&B::2000_tottori
A36: 2000_yountville | B36: Yountville | C36: 5 | D36: Original NGA source preferred | E36: 2000-09-03 | F36: 08:36:30.110Z | G36: USGS catalog timestamp | H36: 5 | I36: Mw | J36: 38.3788 | K36: -122.4127 | L36: 10.12 | M36: Strike slip | N36: NGA-West2 representative fault plane | O36: 150 | P36: 90 | Q36: 170 | U36: Original NGA-West2 event metadata (coordinates, depth, magnitude); UTC time independently audited | V36: Original NGA-West2 strike/dip/rake | W36: nc21123384 | X36: https://peer.berkeley.edu/node/74 | Y36: Updated NGA-West2 RotD50 d050 public flatfile; row 1844; EQID 0160 | Z36: 0 | AB36: 150 | AC36: 90 | AD36: 170 | AE36: 7.762 | AF36: 3.5 | AG36: 3.2 | AH36: No matching USGS product in queried archive | AI36: Original NGA source parameters restored for S&B distances. USGS identity/time and finite-fault products are separate. Flatfile mirror provenance: Sources_method E03/E04. | AJ36: 2026-09-10 | BC36: NGA event name/year and EQID; USGS date, magnitude and location; sequence distinguished by origin time. | BD36: https://earthquake.usgs.gov/earthquakes/eventpage/nc21123384 | BE36: S&B | BF36: S&B::2000_yountville
A37: 2002_denali | B37: Denali, Alaska | DENALI | 2002_Denali_Alaska | C37: 7.9 | D37: Original NGA source preferred | E37: 2002-11-03 | F37: 22:12:41.518Z | G37: USGS catalog timestamp | H37: 7.9 | I37: Mw | J37: 63.542 | K37: -147.4444 | L37: 8.9027 | M37: Strike slip | N37: NGA-West2 representative fault plane | O37: 298 | P37: 82 | Q37: 171 | U37: Original NGA-West2 event metadata (coordinates, depth, magnitude); UTC time independently audited | V37: Original NGA-West2 strike/dip/rake | W37: ak002e435qpj | X37: https://peer.berkeley.edu/node/74 | Y37: Updated NGA-West2 RotD50 d050 public flatfile; row 2096; EQID 0169 | Z37: 1 | AB37: 298 | AC37: 82 | AD37: 171 | AE37: 0 | AF37: 305 | AG37: 16.2 | AH37: USGS model matched | AI37: Original NGA source parameters restored for S&B distances. USGS identity/time and finite-fault products are separate. Flatfile mirror provenance: Sources_method E03/E04. | AJ37: 2026-09-10 | AK37: 5 | AL37: 7.97 | AM37: 1.1972318e+21 | AN37: 14.9975 | AO37: 11760 | AP37: 6.26 | AQ37: 2.31 | AR37: 63.5175 | AS37: -147.444 | AT37: 8 | AU37: us | AV37: usp000bg0m | AX37: 43390.49 | AY37: https://earthquake.usgs.gov/earthquakes/eventpage/ak002e435qpj/finite-fault | AZ37: https://earthquake.usgs.gov/product/finite-fault/usp000bg0m/us/1539805514087/complete_inversion.fsp | BA37: https://earthquake.usgs.gov/product/finite-fault/usp000bg0m/us/1539805514087/basic_inversion.param | BB37: https://earthquake.usgs.gov/product/finite-fault/usp000bg0m/us/1539805514087/moment_rate.mr | BC37: NGA event name/year and EQID; USGS date, magnitude and location; sequence distinguished by origin time. | BD37: https://earthquake.usgs.gov/earthquakes/eventpage/ak002e435qpj | BE37: S&B | BF37: S&B::2002_denali
A38: 2003_bam | B38: Bam, Iran | 2003_Bam_Iran | C38: 6.6 | D38: Original NGA source preferred | E38: 2003-12-26 | F38: 01:56:52.440Z | G38: USGS catalog timestamp | H38: 6.6 | I38: Mw | J38: 28.984 | K38: 58.359 | L38: 6 | M38: Strike slip | N38: NGA-West2 representative fault plane | O38: 354.6 | P38: 85.5 | Q38: -177 | U38: Original NGA-West2 event metadata (coordinates, depth, magnitude); UTC time independently audited | V38: Original NGA-West2 strike/dip/rake | W38: usp000cg2d | X38: https://peer.berkeley.edu/node/74 | Y38: Updated NGA-West2 RotD50 d050 public flatfile; row 4038; EQID 0178 | Z38: 1 | AA38: Arg-e-Bam and Bam faults | AB38: 354.6 | AC38: 85.5 | AD38: -177 | AE38: 1.4 | AF38: 15 | AG38: 11.6 | AH38: No matching USGS product in queried archive | AI38: Original NGA source parameters restored for S&B distances. USGS identity/time and finite-fault products are separate. Flatfile mirror provenance: Sources_method E03/E04. | AJ38: 2026-09-10 | BC38: NGA event name/year and EQID; USGS date, magnitude and location; sequence distinguished by origin time. | BD38: https://earthquake.usgs.gov/earthquakes/eventpage/usp000cg2d | BE38: S&B | BF38: S&B::2003_bam
A39: 2004_niigata | B39: Niigata, Japan | 2004_Niigata_Japan | C39: 6.6 | D39: Original NGA source preferred | E39: 2004-10-23 | F39: 08:56:00.860Z | G39: USGS catalog timestamp | H39: 6.63 | I39: Mw | J39: 37.307 | K39: 138.839 | L39: 10.6 | M39: Reverse-oblique | N39: NGA-West2 representative fault plane | O39: 212 | P39: 47 | Q39: 93 | U39: Original NGA-West2 event metadata (coordinates, depth, magnitude); UTC time independently audited | V39: Original NGA-West2 strike/dip/rake | W39: usp000d6vk | X39: https://peer.berkeley.edu/node/74 | Y39: Updated NGA-West2 RotD50 d050 public flatfile; row 4152; EQID 0180 | Z39: 1 | AA39: Obiro and Western Margin Muika Basin faults | AB39: 212 | AC39: 47 | AD39: 93 | AE39: 4.02 | AF39: 24 | AG39: 14 | AH39: No matching USGS product in queried archive | AI39: Original NGA source parameters restored for S&B distances. USGS identity/time and finite-fault products are separate. Flatfile mirror provenance: Sources_method E03/E04. | AJ39: 2026-09-10 | BC39: NGA event name/year and EQID; USGS date, magnitude and location; sequence distinguished by origin time. | BD39: https://earthquake.usgs.gov/earthquakes/eventpage/usp000d6vk | BE39: S&B | BF39: S&B::2004_niigata
A40: 2004_parkfield02ca | B40: Parkfield-02, CA | 2004_Parkfield_02_CA | C40: 6 | D40: Original NGA source preferred | E40: 2004-09-28 | F40: 17:15:24.250Z | G40: USGS catalog timestamp | H40: 6 | I40: Mw | J40: 35.817 | K40: -120.365 | L40: 8.1 | M40: Strike slip | N40: NGA-West2 representative fault plane | O40: 141 | P40: 89 | Q40: -175 | U40: Original NGA-West2 event metadata (coordinates, depth, magnitude); UTC time independently audited | V40: Original NGA-West2 strike/dip/rake | W40: nc30228270 | X40: https://peer.berkeley.edu/node/74 | Y40: Updated NGA-West2 RotD50 d050 public flatfile; row 4062; EQID 0179 | Z40: 1 | AA40: San Andreas | AB40: 141 | AC40: 89 | AD40: -175 | AE40: 2.5 | AF40: 40 | AG40: 8 | AH40: No matching USGS product in queried archive | AI40: Original NGA source parameters restored for S&B distances. USGS identity/time and finite-fault products are separate. Flatfile mirror provenance: Sources_method E03/E04. | AJ40: 2026-09-10 | BC40: NGA event name/year and EQID; USGS date, magnitude and location; sequence distinguished by origin time. | BD40: https://earthquake.usgs.gov/earthquakes/eventpage/nc30228270 | BE40: S&B | BF40: S&B::2004_parkfield02ca
A41: 2007_chuetsuoki | B41: Chuetsu-oki | 2007_Chuetsu-oki_Japan | C41: 6.8 | D41: Original NGA source preferred | E41: 2007-07-16 | F41: 01:13:22.370Z | G41: USGS catalog timestamp | H41: 6.8 | I41: Mw | J41: 37.5382 | K41: 138.6174 | L41: 9 | M41: Reverse-oblique | N41: NGA-West2 representative fault plane | O41: 34 | P41: 36 | Q41: 90 | U41: Original NGA-West2 event metadata (coordinates, depth, magnitude); UTC time independently audited | V41: Original NGA-West2 strike/dip/rake | W41: usp000fg9t | X41: https://peer.berkeley.edu/node/74 | Y41: Updated NGA-West2 RotD50 d050 public flatfile; row 4841; EQID 0278 | Z41: 1 | AB41: 34 | AC41: 36 | AD41: 90 | AE41: 3.12 | AF41: 32 | AG41: 24 | AH41: No matching USGS product in queried archive | AI41: Original NGA source parameters restored for S&B distances. USGS identity/time and finite-fault products are separate. Flatfile mirror provenance: Sources_method E03/E04. | AJ41: 2026-09-10 | BC41: NGA event name/year and EQID; USGS date, magnitude and location; sequence distinguished by origin time. | BD41: https://earthquake.usgs.gov/earthquakes/eventpage/usp000fg9t | BE41: S&B | BF41: S&B::2007_chuetsuoki
A42: 2008_iwate | B42: Iwate | C42: 6.9 | D42: Original NGA source preferred | E42: 2008-06-13 | F42: 23:43:45.360Z | G42: USGS catalog timestamp | H42: 6.9 | I42: Mw | J42: 39.027 | K42: 140.878 | L42: 6.5 | M42: Reverse-oblique | N42: NGA-West2 representative fault plane | O42: 209 | P42: 40 | Q42: 104 | U42: Original NGA-West2 event metadata (coordinates, depth, magnitude); UTC time independently audited | V42: Original NGA-West2 strike/dip/rake | W42: usp000g9h6 | X42: https://peer.berkeley.edu/node/74 | Y42: Updated NGA-West2 RotD50 d050 public flatfile; row 5457; EQID 0279 | Z42: 1 | AB42: 209 | AC42: 40 | AD42: 104 | AE42: 0.71 | AF42: 40 | AG42: 18 | AH42: No matching USGS product in queried archive | AI42: Original NGA source parameters restored for S&B distances. USGS identity/time and finite-fault products are separate. Flatfile mirror provenance: Sources_method E03/E04. | AJ42: 2026-09-10 | BC42: NGA event name/year and EQID; USGS date, magnitude and location; sequence distinguished by origin time. | BD42: https://earthquake.usgs.gov/earthquakes/eventpage/usp000g9h6 | BE42: S&B | BF42: S&B::2008_iwate
A43: 2008_wenchuan | B43: Wenchuan, China | WENCHUAN | C43: 7.9 | D43: Original NGA source preferred | E43: 2008-05-12 | F43: 06:28:01.570Z | G43: USGS catalog timestamp | H43: 7.9 | I43: Mw | J43: 30.986 | K43: 103.364 | L43: 10.04 | M43: Reverse-oblique | N43: NGA-West2 representative fault plane | O43: 230 | P43: 50 | Q43: 138 | U43: Original NGA-West2 event metadata (coordinates, depth, magnitude); UTC time independently audited | V43: Original NGA-West2 strike/dip/rake | W43: usp000g650 | X43: https://peer.berkeley.edu/node/74 | Y43: Updated NGA-West2 RotD50 d050 public flatfile; row 4578; EQID 0277 | Z43: 1 | AB43: 230 | AC43: 50 | AD43: 138 | AE43: 0 | AF43: 300 | AG43: 42.5 | AH43: USGS model matched | AI43: Original NGA source parameters restored for S&B distances. USGS identity/time and finite-fault products are separate. Flatfile mirror provenance: Sources_method E03/E04. | AJ43: 2026-09-10 | AK43: 3 | AL43: 7.88 | AM43: 8.7998006e+20 | AN43: 10.6006 | AO43: 15220.94 | AP43: 7.03 | AQ43: 2.68 | AR43: 30.986 | AS43: 103.364 | AT43: 14 | AU43: us | AV43: usp000g650 | AX43: 43390.521 | AY43: https://earthquake.usgs.gov/earthquakes/eventpage/usp000g650/finite-fault | AZ43: https://earthquake.usgs.gov/product/finite-fault/usp000g650/us/1539808177870/complete_inversion.fsp | BA43: https://earthquake.usgs.gov/product/finite-fault/usp000g650/us/1539808177870/basic_inversion.param | BB43: https://earthquake.usgs.gov/product/finite-fault/usp000g650/us/1539808177870/moment_rate.mr | BC43: NGA event name/year and EQID; USGS date, magnitude and location; sequence distinguished by origin time. | BD43: https://earthquake.usgs.gov/earthquakes/eventpage/usp000g650 | BE43: S&B | BF43: S&B::2008_wenchuan
A44: 2009_laquila | B44: L'Aquila, Italy | L-AQUILA | 2009_LAquila_Italy | C44: 6.3 | D44: Original NGA source preferred | E44: 2009-04-06 | F44: 01:32:39.000Z | G44: USGS catalog timestamp | H44: 6.3 | I44: Mw | J44: 42.3476 | K44: 13.38 | L44: 9.27 | M44: Normal | N44: NGA-West2 representative fault plane | O44: 139 | P44: 48 | Q44: -98 | U44: Original NGA-West2 event metadata (coordinates, depth, magnitude); UTC time independently audited | V44: Original NGA-West2 strike/dip/rake | W44: usp000gvtu | X44: https://peer.berkeley.edu/node/74 | Y44: Updated NGA-West2 RotD50 d050 public flatfile; row 4461; EQID 0274 | Z44: 1 | AB44: 139 | AC44: 48 | AD44: -98 | AE44: 0.8 | AF44: 20 | AG44: 16 | AH44: No matching USGS product in queried archive | AI44: Original NGA source parameters restored for S&B distances. USGS identity/time and finite-fault products are separate. Flatfile mirror provenance: Sources_method E03/E04. | AJ44: 2026-09-10 | BC44: NGA event name/year and EQID; USGS date, magnitude and location; sequence distinguished by origin time. | BD44: https://earthquake.usgs.gov/earthquakes/eventpage/usp000gvtu | BE44: S&B | BF44: S&B::2009_laquila
A45: 2010_darfield | B45: Darfield, New Zealand | DARFIELD | Darfield | 2010_Darfield_NewZealand | C45: 7 | 7.02 | D45: Original NGA source preferred | E45: 2010-09-03 | F45: 16:35:46Z | G45: second (Table 1) | H45: 7 | I45: Mw | J45: -43.615 | K45: 172.049 | L45: 10.9 | M45: Strike slip | N45: NGA-West2 representative fault plane | O45: 85.1 | P45: 82.2 | Q45: 180 | U45: Original NGA-West2 event metadata (coordinates, depth, magnitude); UTC time independently audited | V45: Original NGA-West2 strike/dip/rake | W45: usp000hk46 | X45: https://peer.berkeley.edu/node/74 | Y45: Updated NGA-West2 RotD50 d050 public flatfile; row 6880; EQID 0281 | Z45: 1 | AB45: 85.1 | AC45: 82.2 | AD45: 180 | AE45: 0 | AF45: 52.5 | AG45: 24 | AH45: No matching USGS product in queried archive | AI45: Original NGA source parameters restored for S&B distances. USGS identity/time and finite-fault products are separate. Flatfile mirror provenance: Sources_method E03/E04. | AJ45: 2026-09-10 | BC45: Table 1 event name and UTC time identify the same event; literature parameters selected by user. | BD45: /Users/mingshen/Desktop/Screenshot 2026-09-10 at 23.58.23.png | BE45: S&B | BF45: S&B::2010_darfield
A46: 2010_elmayorcucapah | B46: El Mayor-Cucapah | 2010_ElMayor-Cucapah_Mexico | C46: 7.2 | D46: Original NGA source preferred | E46: 2010-04-04 | F46: 22:40:42.360Z | G46: USGS catalog timestamp | H46: 7.2 | I46: Mw | J46: 32.3 | K46: -115.267 | L46: 5.45 | M46: Strike slip | N46: NGA-West2 representative fault plane | O46: 236 | P46: 63 | Q46: -164 | U46: Original NGA-West2 event metadata (coordinates, depth, magnitude); UTC time independently audited | V46: Original NGA-West2 strike/dip/rake | W46: ci14607652 | X46: https://peer.berkeley.edu/node/74 | Y46: Updated NGA-West2 RotD50 d050 public flatfile; row 5824; EQID 0280 | Z46: 1 | AB46: 236 | AC46: 63 | AD46: -164 | AE46: 0.5 | AF46: 125 | AG46: 14.4 | AH46: No matching USGS product in queried archive | AI46: Original NGA source parameters restored for S&B distances. USGS identity/time and finite-fault products are separate. Flatfile mirror provenance: Sources_method E03/E04. | AJ46: 2026-09-10 | BC46: NGA event name/year and EQID; USGS date, magnitude and location; sequence distinguished by origin time. | BD46: https://earthquake.usgs.gov/earthquakes/eventpage/ci14607652 | BE46: S&B | BF46: S&B::2010_elmayorcucapah
A47: 2011_christchurch | B47: Christchurch, New Zealand | 2011_Christchurch_NewZealand | C47: 6.1 | 6.2 | D47: Original NGA source preferred | E47: 2011-02-21 | F47: 23:51:42.350Z | G47: USGS catalog timestamp | H47: 6.2 | I47: Mw | J47: -43.571 | K47: 172.703 | L47: 6 | M47: Reverse-oblique | N47: NGA-West2 representative fault plane | O47: 59 | P47: 67 | Q47: 135 | U47: Original NGA-West2 event metadata (coordinates, depth, magnitude); UTC time independently audited | V47: Original NGA-West2 strike/dip/rake | W47: usp000huvq | X47: https://peer.berkeley.edu/node/74 | Y47: Updated NGA-West2 RotD50 d050 public flatfile; row 8057; EQID 0346 | Z47: 1 | AB47: 59 | AC47: 67 | AD47: 135 | AE47: 0.5 | AF47: 7 | AG47: 10 | AH47: No matching USGS product in queried archive | AI47: Original NGA source parameters restored for S&B distances. USGS identity/time and finite-fault products are separate. Flatfile mirror provenance: Sources_method E03/E04. | AJ47: 2026-09-10 | BC47: NGA event name/year and EQID; USGS date, magnitude and location; sequence distinguished by origin time. | BD47: https://earthquake.usgs.gov/earthquakes/eventpage/usp000huvq | BE47: S&B | BF47: S&B::2011_christchurch
A48: 1971_sanfernando | B48: San Fernando | 1971_SanFernando_USA | C48: 6.6 | D48: Original NCREE source preferred | E48: 1971-02-09 | F48: 14:00:41.920Z | G48: USGS catalog timestamp | H48: 6.6 | I48: Mw | J48: 34.44 | K48: -118.41 | L48: 13 | M48: RV | N48: NGA representative fault plane | O48: 288 | P48: 50 | Q48: 83 | U48: Original NCREE row: Hypo lat/lon/depth, Mw, fault type | V48: Fault type: original NCREE; plane angles: NGA-West2 fault geometry | W48: ci3347678 | X48: NCREE original table in this workbook | Y48: Updated NGA-West2 RotD50 d050 public flatfile; row 52; EQID 0030 | Z48: 1 | AA48: Sierra Madre-San Fernando | AB48: 288 | AC48: 50 | AD48: 83 | AE48: 0 | AF48: 20 | AG48: 27.4 | AH48: No matching USGS product in queried archive | AI48: Coordinates, depth, Mw and mechanism use original NCREE fields. UTC time and plane angles have no equivalents in the original table; retained from their separately identified sources. Do not infer that retained angles are NCREE values. | AJ48: 2026-09-10 | BC48: NGA event name/year and EQID; USGS date, magnitude and location; sequence distinguished by origin time. | BD48: https://earthquake.usgs.gov/earthquakes/eventpage/ci3347678 | BE48: NCREE | BF48: NCREE::1971_sanfernando
A49: 1978_tabas | B49: Tabas, Iran | 1978_Tabas_Iran | C49: 7.3 | 7.4 | D49: Original NCREE source preferred | E49: 1978-09-16 | F49: 15:35:56.600Z | G49: USGS catalog timestamp | H49: 7.4 | I49: Mw | J49: 33.215 | K49: 57.323 | L49: 5.75 | M49: RV | N49: NGA representative fault plane | O49: 330 | P49: 25 | Q49: 110 | U49: Original NCREE row: Hypo lat/lon/depth, Mw, fault type | V49: Fault type: original NCREE; plane angles: NGA-West2 fault geometry | W49: usp0000wjx | X49: NCREE original table in this workbook | Y49: Updated NGA-West2 RotD50 d050 public flatfile; row 138; EQID 0046 | Z49: 1 | AB49: 330 | AC49: 25 | AD49: 110 | AE49: 1 | AF49: 90 | AG49: 35 | AH49: No matching USGS product in queried archive | AI49: Coordinates, depth, Mw and mechanism use original NCREE fields. UTC time and plane angles have no equivalents in the original table; retained from their separately identified sources. Do not infer that retained angles are NCREE values. | AJ49: 2026-09-10 | BC49: NGA event name/year and EQID; USGS date, magnitude and location; sequence distinguished by origin time. | BD49: https://earthquake.usgs.gov/earthquakes/eventpage/usp0000wjx | BE49: NCREE | BF49: NCREE::1978_tabas
A50: 1979_coyotelake | B50: Coyote Lake | 1979_CoyoteLake_USA | C50: 5.7 | D50: Original NCREE source preferred | E50: 1979-08-06 | F50: 17:05:22.930Z | G50: USGS catalog timestamp | H50: 5.7 | I50: Mw | J50: 37.065 | K50: -121.49 | L50: 8 | M50: SS | N50: NGA representative fault plane | O50: 336 | P50: 80 | Q50: 176 | U50: Original NCREE row: Hypo lat/lon/depth, Mw, fault type | V50: Fault type: original NCREE; plane angles: NGA-West2 fault geometry | W50: nc1046962 | X50: NCREE original table in this workbook | Y50: Updated NGA-West2 RotD50 d050 public flatfile; row 146; EQID 0048 | Z50: 1 | AA50: Calaveras fault south | AB50: 336 | AC50: 80 | AD50: 176 | AE50: 3.08 | AF50: 6.6 | AG50: 7 | AH50: No matching USGS product in queried archive | AI50: Coordinates, depth, Mw and mechanism use original NCREE fields. UTC time and plane angles have no equivalents in the original table; retained from their separately identified sources. Do not infer that retained angles are NCREE values. | AJ50: 2026-09-10 | BC50: NGA event name/year and EQID; USGS date, magnitude and location; sequence distinguished by origin time. | BD50: https://earthquake.usgs.gov/earthquakes/eventpage/nc1046962 | BE50: NCREE | BF50: NCREE::1979_coyotelake
A51: 1979_imperialvalley6 | B51: Imperial Valley-06 | 1979_ImperialValley_06_USA | C51: 6.5 | D51: Original NCREE source preferred | E51: 1979-10-15 | F51: 23:16:53.910Z | G51: USGS catalog timestamp | H51: 6.5 | I51: Mw | J51: 32.644 | K51: -115.307 | L51: 9.96 | M51: SS | N51: NGA representative fault plane | O51: 323 | P51: 80 | Q51: 180 | U51: Original NCREE row: Hypo lat/lon/depth, Mw, fault type | V51: Fault type: original NCREE; plane angles: NGA-West2 fault geometry | W51: ci3352060 | X51: NCREE original table in this workbook | Y51: Updated NGA-West2 RotD50 d050 public flatfile; row 159; EQID 0050 | Z51: 1 | AA51: Imperial fault | AB51: 323 | AC51: 80 | AD51: 180 | AE51: 0 | AF51: 50 | AG51: 13 | AH51: No matching USGS product in queried archive | AI51: Coordinates, depth, Mw and mechanism use original NCREE fields. UTC time and plane angles have no equivalents in the original table; retained from their separately identified sources. Do not infer that retained angles are NCREE values. | AJ51: 2026-09-10 | BC51: NGA event name/year and EQID; USGS date, magnitude and location; sequence distinguished by origin time. | BD51: https://earthquake.usgs.gov/earthquakes/eventpage/ci3352060 | BE51: NCREE | BF51: NCREE::1979_imperialvalley6
A52: 1979_montenegro | B52: Montenegro, Yugo. | 1979_Montenegro_Yugoslavia | C52: 7.1 | D52: Original NCREE source preferred | E52: 1979-04-15 | F52: 06:19:44.100Z | G52: USGS catalog timestamp | H52: 7.1 | I52: Mw | J52: 42.04 | K52: 19.21 | L52: 7 | M52: RV | N52: NGA representative fault plane | O52: 300 | P52: 14 | Q52: 88 | U52: Original NCREE row: Hypo lat/lon/depth, Mw, fault type | V52: Fault type: original NCREE; plane angles: NGA-West2 fault geometry | W52: usp000100b | X52: NCREE original table in this workbook | Y52: Updated NGA-West2 RotD50 d050 public flatfile; row 4452; EQID 0262 | Z52: 1 | AB52: 300 | AC52: 14 | AD52: 88 | AE52: 3.61 | AF52: 54 | AG52: 34 | AH52: No matching USGS product in queried archive | AI52: Coordinates, depth, Mw and mechanism use original NCREE fields. UTC time and plane angles have no equivalents in the original table; retained from their separately identified sources. Do not infer that retained angles are NCREE values. | AJ52: 2026-09-10 | BC52: NGA event name/year and EQID; USGS date, magnitude and location; sequence distinguished by origin time. | BD52: https://earthquake.usgs.gov/earthquakes/eventpage/usp000100b | BE52: NCREE | BF52: NCREE::1979_montenegro
A53: 1980_irpinia1 | B53: Irpinia, Italy-01 | 1980_Irpinia_01_Italy | C53: 6.9 | D53: Original NCREE source preferred | E53: 1980-11-23 | F53: 18:34:53.800Z | G53: USGS catalog timestamp | H53: 6.9 | I53: Mw | J53: 40.8059 | K53: 15.3372 | L53: 9.5 | M53: NM | N53: NGA representative fault plane | O53: 312.8 | P53: 60 | Q53: -90 | U53: Original NCREE row: Hypo lat/lon/depth, Mw, fault type | V53: Fault type: original NCREE; plane angles: NGA-West2 fault geometry | W53: usp0001ay4 | X53: NCREE original table in this workbook | Y53: Updated NGA-West2 RotD50 d050 public flatfile; row 284; EQID 0068 | Z53: 1 | AB53: 312.8 | AC53: 60 | AD53: -90 | AE53: 0 | AF53: 47 | AG53: 15 | AH53: No matching USGS product in queried archive | AI53: Coordinates, depth, Mw and mechanism use original NCREE fields. UTC time and plane angles have no equivalents in the original table; retained from their separately identified sources. Do not infer that retained angles are NCREE values. | AJ53: 2026-09-10 | BC53: NGA event name/year and EQID; USGS date, magnitude and location; sequence distinguished by origin time. | BD53: https://earthquake.usgs.gov/earthquakes/eventpage/usp0001ay4 | BE53: NCREE | BF53: NCREE::1980_irpinia1
A54: 1981_westmorland | B54: Westmorland | 1981_Westmorland_USA | C54: 5.9 | D54: Original NCREE source preferred | E54: 1981-04-26 | F54: 12:09:28.290Z | G54: USGS catalog timestamp | H54: 5.9 | I54: Mw | J54: 33.1 | K54: -115.62 | L54: 2.3 | M54: SS | N54: NGA representative fault plane | O54: 64 | P54: 90 | Q54: 0 | U54: Original NCREE row: Hypo lat/lon/depth, Mw, fault type | V54: Fault type: original NCREE; plane angles: NGA-West2 fault geometry | W54: ci514869 | X54: NCREE original table in this workbook | Y54: Updated NGA-West2 RotD50 d050 public flatfile; row 315; EQID 0073 | Z54: 1 | AB54: 64 | AC54: 90 | AD54: 0 | AE54: 2 | AF54: 10 | AG54: 7 | AH54: No matching USGS product in queried archive | AI54: Coordinates, depth, Mw and mechanism use original NCREE fields. UTC time and plane angles have no equivalents in the original table; retained from their separately identified sources. Do not infer that retained angles are NCREE values. | AJ54: 2026-09-10 | BC54: NGA event name/year and EQID; USGS date, magnitude and location; sequence distinguished by origin time. | BD54: https://earthquake.usgs.gov/earthquakes/eventpage/ci514869 | BE54: NCREE | BF54: NCREE::1981_westmorland
A55: 1984_morganhill | B55: Morgan Hill | 1984_MorganHill_USA | C55: 6.2 | D55: Original NCREE source preferred | E55: 1984-04-24 | F55: 21:15:18.760Z | G55: USGS catalog timestamp | H55: 6.2 | I55: Mw | J55: 37.306 | K55: -121.695 | L55: 8.5 | M55: SS | N55: NGA representative fault plane | O55: 148 | P55: 90 | Q55: 180 | U55: Original NCREE row: Hypo lat/lon/depth, Mw, fault type | V55: Fault type: original NCREE; plane angles: NGA-West2 fault geometry | W55: nc17204 | X55: NCREE original table in this workbook | Y55: Updated NGA-West2 RotD50 d050 public flatfile; row 447; EQID 0090 | Z55: 1 | AA55: Calaveras fault south | AB55: 148 | AC55: 90 | AD55: 180 | AE55: 0.5 | AF55: 27 | AG55: 11.5 | AH55: No matching USGS product in queried archive | AI55: Coordinates, depth, Mw and mechanism use original NCREE fields. UTC time and plane angles have no equivalents in the original table; retained from their separately identified sources. Do not infer that retained angles are NCREE values. | AJ55: 2026-09-10 | BC55: NGA event name/year and EQID; USGS date, magnitude and location; sequence distinguished by origin time. | BD55: https://earthquake.usgs.gov/earthquakes/eventpage/nc17204 | BE55: NCREE | BF55: NCREE::1984_morganhill
A56: 1986_kalamata2 | B56: Kalamata, Greece-02 | 1986_Kalamata_02_Greece | C56: 5.4 | D56: Original NCREE source preferred | E56: 1986-09-15 | F56: 11:41:27.860Z | G56: USGS catalog timestamp | H56: 5.4 | I56: Mw | J56: 37.1 | K56: 22.19 | L56: 5 | M56: NM | N56: NGA representative fault plane | O56: 332.3 | P56: 55 | Q56: -90 | U56: Original NCREE row: Hypo lat/lon/depth, Mw, fault type | V56: Fault type: original NCREE; plane angles: NGA-West2 fault geometry | W56: usp0002y3u | X56: NCREE original table in this workbook | Y56: Updated NGA-West2 RotD50 d050 public flatfile; row 566; EQID 0107 | Z56: 0 | AB56: 332.3 | AC56: 55 | AD56: -90 | AE56: 2.603 | AF56: 6.3 | AG56: 3.9 | AH56: No matching USGS product in queried archive | AI56: Coordinates, depth, Mw and mechanism use original NCREE fields. UTC time and plane angles have no equivalents in the original table; retained from their separately identified sources. Do not infer that retained angles are NCREE values. | AJ56: 2026-09-10 | BC56: NGA event name/year and EQID; USGS date, magnitude and location; sequence distinguished by origin time. | BD56: https://earthquake.usgs.gov/earthquakes/eventpage/usp0002y3u | BE56: NCREE | BF56: NCREE::1986_kalamata2
A57: 1986_sansalvador | B57: San Salvador | 1986_SanSalvador_USA | C57: 5.8 | D57: Original NCREE source preferred | E57: 1986-10-10 | F57: 17:49:24.100Z | G57: USGS catalog timestamp | H57: 5.8 | I57: Mw | J57: 13.633 | K57: -89.2 | L57: 10.9 | M57: SS | N57: NGA representative fault plane | O57: 32 | P57: 85 | Q57: 0 | U57: Original NCREE row: Hypo lat/lon/depth, Mw, fault type | V57: Fault type: original NCREE; plane angles: NGA-West2 fault geometry | W57: usp0002yu9 | X57: NCREE original table in this workbook | Y57: Updated NGA-West2 RotD50 d050 public flatfile; row 569; EQID 0108 | Z57: 1 | AB57: 32 | AC57: 85 | AD57: 0 | AE57: 5.92 | AF57: 8 | AG57: 7 | AH57: No matching USGS product in queried archive | AI57: Coordinates, depth, Mw and mechanism use original NCREE fields. UTC time and plane angles have no equivalents in the original table; retained from their separately identified sources. Do not infer that retained angles are NCREE values. | AJ57: 2026-09-10 | BC57: NGA event name/year and EQID; USGS date, magnitude and location; sequence distinguished by origin time. | BD57: https://earthquake.usgs.gov/earthquakes/eventpage/usp0002yu9 | BE57: NCREE | BF57: NCREE::1986_sansalvador
A58: 1987_superstitionhills2 | B58: Superstition Hills-02 | 1987_SuperstitionHills_02_USA | C58: 6.5 | D58: Original NCREE source preferred | E58: 1987-11-24 | F58: 13:15:56.710Z | G58: USGS catalog timestamp | H58: 6.5 | I58: Mw | J58: 33.0222 | K58: -115.8314 | L58: 9 | M58: SS | N58: NGA representative fault plane | O58: 127 | P58: 90 | Q58: 180 | U58: Original NCREE row: Hypo lat/lon/depth, Mw, fault type | V58: Fault type: original NCREE; plane angles: NGA-West2 fault geometry | W58: ci628016 | X58: NCREE original table in this workbook | Y58: Updated NGA-West2 RotD50 d050 public flatfile; row 720; EQID 0116 | Z58: 1 | AA58: Superstition Hills fault | AB58: 127 | AC58: 90 | AD58: 180 | AE58: 0 | AF58: 20 | AG58: 12 | AH58: No matching USGS product in queried archive | AI58: Coordinates, depth, Mw and mechanism use original NCREE fields. UTC time and plane angles have no equivalents in the original table; retained from their separately identified sources. Do not infer that retained angles are NCREE values. | AJ58: 2026-09-10 | BC58: NGA event name/year and EQID; USGS date, magnitude and location; sequence distinguished by origin time. | BD58: https://earthquake.usgs.gov/earthquakes/eventpage/ci628016 | BE58: NCREE | BF58: NCREE::1987_superstitionhills2
A59: 1989_lomaprieta | B59: Loma Prieta | 1989_LomaPrieta_USA | C59: 6.9 | D59: Original NCREE source preferred | E59: 1989-10-18 | F59: 00:04:15.190Z | G59: USGS catalog timestamp | H59: 6.9 | I59: Mw | J59: 37.0407 | K59: -121.8829 | L59: 17.48 | M59: RO | N59: NGA representative fault plane | O59: 128 | P59: 70 | Q59: 140 | U59: Original NCREE row: Hypo lat/lon/depth, Mw, fault type | V59: Fault type: original NCREE; plane angles: NGA-West2 fault geometry | W59: nc216859 | X59: NCREE original table in this workbook | Y59: Updated NGA-West2 RotD50 d050 public flatfile; row 732; EQID 0118 | Z59: 1 | AA59: San Andreas-Santa Cruz | AB59: 128 | AC59: 70 | AD59: 140 | AE59: 3.85 | AF59: 40 | AG59: 18 | AH59: No matching USGS product in queried archive | AI59: Coordinates, depth, Mw and mechanism use original NCREE fields. UTC time and plane angles have no equivalents in the original table; retained from their separately identified sources. Do not infer that retained angles are NCREE values. | AJ59: 2026-09-10 | BC59: NGA event name/year and EQID; USGS date, magnitude and location; sequence distinguished by origin time. | BD59: https://earthquake.usgs.gov/earthquakes/eventpage/nc216859 | BE59: NCREE | BF59: NCREE::1989_lomaprieta
A60: 1992_capemendocino | B60: Cape Mendocino | 1992_CapeMendocino_USA | C60: 7 | D60: Original NCREE source preferred | E60: 1992-04-25 | F60: 18:06:05.180Z | G60: USGS catalog timestamp | H60: 7 | I60: Mw | J60: 40.327 | K60: -124.233 | L60: 9.5 | M60: RV | N60: NGA representative fault plane | O60: 350 | P60: 14 | Q60: 105 | U60: Original NCREE row: Hypo lat/lon/depth, Mw, fault type | V60: Fault type: original NCREE; plane angles: NGA-West2 fault geometry | W60: nc269151 | X60: NCREE original table in this workbook | Y60: Updated NGA-West2 RotD50 d050 public flatfile; row 826; EQID 0123 | Z60: 1 | AA60: Cascadia Subduction Zone | AB60: 350 | AC60: 14 | AD60: 105 | AE60: 5.2 | AF60: 20 | AG60: 28 | AH60: No matching USGS product in queried archive | AI60: Coordinates, depth, Mw and mechanism use original NCREE fields. UTC time and plane angles have no equivalents in the original table; retained from their separately identified sources. Do not infer that retained angles are NCREE values. | AJ60: 2026-09-10 | BC60: NGA event name/year and EQID; USGS date, magnitude and location; sequence distinguished by origin time. | BD60: https://earthquake.usgs.gov/earthquakes/eventpage/nc269151 | BE60: NCREE | BF60: NCREE::1992_capemendocino
A61: 1992_landers | B61: Landers | LANDERS | 1992_Landers_USA | C61: 7.3 | D61: Original NCREE source preferred | E61: 1992-06-28 | F61: 11:57:34.130Z | G61: USGS catalog timestamp | H61: 7.3 | I61: Mw | J61: 34.2 | K61: -116.436 | L61: 7 | M61: SS | N61: NGA representative fault plane | O61: 336 | P61: 90 | Q61: 180 | U61: Original NCREE row: Hypo lat/lon/depth, Mw, fault type | V61: Fault type: original NCREE; plane angles: NGA-West2 fault geometry | W61: ci3031111 | X61: NCREE original table in this workbook | Y61: Updated NGA-West2 RotD50 d050 public flatfile; row 833; EQID 0125 | Z61: 1 | AA61: Landers fault (S. Johnson Valley) | AB61: 336 | AC61: 90 | AD61: 180 | AE61: 0 | AF61: 71.8 | AG61: 15 | AH61: No matching USGS product in queried archive | AI61: Coordinates, depth, Mw and mechanism use original NCREE fields. UTC time and plane angles have no equivalents in the original table; retained from their separately identified sources. Do not infer that retained angles are NCREE values. | AJ61: 2026-09-10 | BC61: NGA event name/year and EQID; USGS date, magnitude and location; sequence distinguished by origin time. | BD61: https://earthquake.usgs.gov/earthquakes/eventpage/ci3031111 | BE61: NCREE | BF61: NCREE::1992_landers
A62: 1994_northridge1 | B62: Northridge-01 | 1994_Northridge_01_USA | C62: 6.7 | D62: Original NCREE source preferred | E62: 1994-01-17 | F62: 12:30:55.390Z | G62: USGS catalog timestamp | H62: 6.7 | I62: Mw | J62: 34.2057 | K62: -118.5539 | L62: 17.5 | M62: RV | N62: NGA representative fault plane | O62: 122 | P62: 40 | Q62: 103 | U62: Original NCREE row: Hypo lat/lon/depth, Mw, fault type | V62: Fault type: original NCREE; plane angles: NGA-West2 fault geometry | W62: ci3144585 | X62: NCREE original table in this workbook | Y62: Updated NGA-West2 RotD50 d050 public flatfile; row 943; EQID 0127 | Z62: 1 | AA62: Northridge Blind Thrust | AB62: 122 | AC62: 40 | AD62: 103 | AE62: 5 | AF62: 18 | AG62: 24 | AH62: No matching USGS product in queried archive | AI62: Coordinates, depth, Mw and mechanism use original NCREE fields. UTC time and plane angles have no equivalents in the original table; retained from their separately identified sources. Do not infer that retained angles are NCREE values. | AJ62: 2026-09-10 | BC62: NGA event name/year and EQID; USGS date, magnitude and location; sequence distinguished by origin time. | BD62: https://earthquake.usgs.gov/earthquakes/eventpage/ci3144585 | BE62: NCREE | BF62: NCREE::1994_northridge1
A63: 1995_kobe | B63: Kobe, Japan | 1995_Kobe_Japan | C63: 6.9 | D63: Original NCREE source preferred | E63: 1995-01-16 | F63: 20:46:52.120Z | G63: USGS catalog timestamp | H63: 6.9 | I63: Mw | J63: 34.596 | K63: 135.011 | L63: 17.9 | M63: SS | N63: NGA representative fault plane | O63: 230 | P63: 85 | Q63: 180 | U63: Original NCREE row: Hypo lat/lon/depth, Mw, fault type | V63: Fault type: original NCREE; plane angles: NGA-West2 fault geometry | W63: usp0006rew | X63: NCREE original table in this workbook | Y63: Updated NGA-West2 RotD50 d050 public flatfile; row 1101; EQID 0129 | Z63: 1 | AB63: 230 | AC63: 85 | AD63: 180 | AE63: 0.2 | AF63: 60 | AG63: 20 | AH63: No matching USGS product in queried archive | AI63: Coordinates, depth, Mw and mechanism use original NCREE fields. UTC time and plane angles have no equivalents in the original table; retained from their separately identified sources. Do not infer that retained angles are NCREE values. | AJ63: 2026-09-10 | BC63: NGA event name/year and EQID; USGS date, magnitude and location; sequence distinguished by origin time. | BD63: https://earthquake.usgs.gov/earthquakes/eventpage/usp0006rew | BE63: NCREE | BF63: NCREE::1995_kobe
A64: 1998_rayli | B64: 1998_Rayli_Taiwan | C64: 5.72 | D64: Original NCREE source preferred | E64: 1998-07-17 | F64: 04:51:14.760Z | G64: catalog milliseconds | H64: 5.72 | I64: Mw | J64: 23.5023 | K64: 120.6612 | L64: 6.18 | M64: RV | N64: Two nodal planes; causative plane not selected | O64: 37 | P64: 36 | Q64: 97 | R64: 208 | S64: 54 | T64: 85 | U64: Original NCREE row: Hypo lat/lon/depth, Mw, fault type | V64: Fault type: original NCREE; plane angles: USGS product us/pde19980717045114760_12_C_HRV; updated 2014-11-07T01:05:36.398Z | W64: usp0008rnv | X64: NCREE original table in this workbook | AH64: No matching USGS product in queried archive | AI64: Coordinates, depth, Mw and mechanism use original NCREE fields. UTC time and plane angles have no equivalents in the original table; retained from their separately identified sources. Do not infer that retained angles are NCREE values. | AJ64: 2026-09-10 | BC64: Workbook name/year, magnitude and hypocenter where present; event sequence reviewed. Original waveform header not available. | BD64: https://earthquake.usgs.gov/earthquakes/eventpage/usp0008rnv | BE64: NCREE | BF64: NCREE::1998_rayli
A65: 1999_chichi3 | B65: Chi-Chi, Taiwan-03 | 1999_ChiChi_03_Taiwan | C65: 6.2 | 6.3 | D65: Original NCREE source preferred | E65: 1999-09-20 | F65: 18:03:44.290Z | G65: USGS catalog timestamp | H65: 6.3 | I65: Mw | J65: 23.81 | K65: 120.85 | L65: 7.8 | M65: RV | N65: NGA representative fault plane | O65: 360 | P65: 10 | Q65: 80 | U65: Original NCREE row: Hypo lat/lon/depth, Mw, fault type | V65: Fault type: original NCREE; plane angles: NGA-West2 fault geometry | W65: usp0009eq5 | X65: NCREE original table in this workbook | Y65: Updated NGA-West2 RotD50 d050 public flatfile; row 2453; EQID 0172 | Z65: 1 | AB65: 360 | AC65: 10 | AD65: 80 | AE65: 6.7 | AF65: 10 | AG65: 11 | AH65: No matching USGS product in queried archive | AI65: Coordinates, depth, Mw and mechanism use original NCREE fields. UTC time and plane angles have no equivalents in the original table; retained from their separately identified sources. Do not infer that retained angles are NCREE values. | AJ65: 2026-09-10 | BC65: NGA event name/year and EQID; USGS date, magnitude and location; sequence distinguished by origin time. | BD65: https://earthquake.usgs.gov/earthquakes/eventpage/usp0009eq5 | BE65: NCREE | BF65: NCREE::1999_chichi3
A66: 1999_chichi5 | B66: 1999_ChiChi_05_Taiwan | C66: 6.19 | D66: Original NCREE source preferred | E66: 1999-09-22 | F66: 00:14:39.150Z | G66: USGS catalog timestamp | H66: 6.19 | I66: Mw | J66: 23.865 | K66: 121.0395 | L66: 19.08 | M66: RV | N66: NGA representative fault plane | O66: 165 | P66: 70 | Q66: 100 | U66: Original NCREE row: Hypo lat/lon/depth, Mw, fault type | V66: Fault type: original NCREE; plane angles: NGA-West2 fault geometry | W66: usp0009euk | X66: NCREE original table in this workbook | Y66: Updated NGA-West2 RotD50 d050 public flatfile; row 2937; EQID 0174 | Z66: 1 | AB66: 165 | AC66: 70 | AD66: 100 | AE66: 7.74 | AF66: 17.5 | AG66: 19 | AH66: No matching USGS product in queried archive | AI66: Coordinates, depth, Mw and mechanism use original NCREE fields. UTC time and plane angles have no equivalents in the original table; retained from their separately identified sources. Do not infer that retained angles are NCREE values. | AJ66: 2026-09-10 | BC66: NGA event name/year and EQID; USGS date, magnitude and location; sequence distinguished by origin time. | BD66: https://earthquake.usgs.gov/earthquakes/eventpage/usp0009euk | BE66: NCREE | BF66: NCREE::1999_chichi5
A67: 1999_chichi6 | B67: Chi-Chi, Taiwan-06 | 1999_ChiChi_07_Taiwan | C67: 6.3 | 6.49 | D67: Original NCREE source preferred | E67: 1999-09-25 | F67: 23:52:48.660Z | G67: USGS catalog timestamp | H67: 6.49 | I67: Mw | J67: 23.87 | K67: 121.01 | L67: 16 | M67: RV | N67: NGA representative fault plane | O67: 5 | P67: 30 | Q67: 100 | U67: Original NCREE row: Hypo lat/lon/depth, Mw, fault type | V67: Fault type: original NCREE; plane angles: NGA-West2 fault geometry | W67: usp0009f1e | X67: NCREE original table in this workbook | Y67: Updated NGA-West2 RotD50 d050 public flatfile; row 3259; EQID 0175 | Z67: 1 | AB67: 5 | AC67: 30 | AD67: 100 | AE67: 10 | AF67: 29 | AG67: 20 | AH67: No matching USGS product in queried archive | AI67: Coordinates, depth, Mw and mechanism use original NCREE fields. UTC time and plane angles have no equivalents in the original table; retained from their separately identified sources. Do not infer that retained angles are NCREE values. | AJ67: 2026-09-10 | BC67: NGA event name/year and EQID; USGS date, magnitude and location; sequence distinguished by origin time. Cross-sheet aliases inferred from identical original hypocenters and sequence table (Wang et al. 2004); workbook names differ. | BD67: https://earthquake.usgs.gov/earthquakes/eventpage/usp0009f1e | BE67: NCREE | BF67: NCREE::1999_chichi6
A68: 1999_chichi | B68: Chi-Chi, Taiwan | CHICHI | 1999_ChiChi_Taiwan | C68: 7.6 | 7.65 | D68: Original NCREE source preferred | E68: 1999-09-20 | F68: 17:47:18.490Z | G68: USGS catalog timestamp | H68: 7.65 | I68: Mw | J68: 23.85 | K68: 120.82 | L68: 8 | M68: RO | N68: Two nodal planes; causative plane not selected | O68: 209 | P68: 68 | Q68: 89 | R68: 31 | S68: 21 | T68: 92 | U68: Original NCREE row: Hypo lat/lon/depth, Mw, fault type | V68: Fault type: original NCREE; plane angles: USGS product us/duputel092099D; updated 2015-02-12T16:21:18.000Z | W68: usp0009eq0 | X68: NCREE original table in this workbook | Y68: Updated NGA-West2 RotD50 d050 public flatfile; row 1179; EQID 0137 | Z68: 1 | AB68: 20 | AC68: 33 | AD68: 55 | AE68: 0 | AF68: 88 | AG68: 34.6 | AH68: USGS model matched | AI68: Coordinates, depth, Mw and mechanism use original NCREE fields. UTC time and plane angles have no equivalents in the original table; retained from their separately identified sources. Do not infer that retained angles are NCREE values. | AJ68: 2026-09-10 | AK68: 1 | AL68: 7.58 | AM68: 3.0437142e+20 | AN68: 5.6365 | AO68: 7322.4 | AP68: 2.92 | AQ68: 1.32 | AR68: 23.834 | AS68: 120.813 | AT68: 10 | AU68: us | AV68: usp0009eq0 | AX68: 43390.383 | AY68: https://earthquake.usgs.gov/earthquakes/eventpage/usp0009eq0/finite-fault | AZ68: https://earthquake.usgs.gov/product/finite-fault/usp0009eq0/us/1539796251799/complete_inversion.fsp | BA68: https://earthquake.usgs.gov/product/finite-fault/usp0009eq0/us/1539796251799/basic_inversion.param | BB68: https://earthquake.usgs.gov/product/finite-fault/usp0009eq0/us/1539796251799/moment_rate.mr | BC68: NGA event name/year and EQID; USGS date, magnitude and location; sequence distinguished by origin time. | BD68: https://earthquake.usgs.gov/earthquakes/eventpage/usp0009eq0 | BE68: NCREE | BF68: NCREE::1999_chichi
A69: 1999_chiayi1 | B69: 1999_Chiayi_01_Taiwan | C69: 5.86 | D69: Original NCREE source preferred | E69: 1999-10-22 | F69: 02:18:58.560Z | G69: catalog milliseconds | H69: 5.86 | I69: Mw | J69: 23.5292 | K69: 120.4506 | L69: 16 | M69: RV | N69: Two nodal planes; causative plane not selected | O69: 178 | P69: 49 | Q69: 54 | R69: 46 | S69: 52 | T69: 125 | U69: Original NCREE row: Hypo lat/lon/depth, Mw, fault type | V69: Fault type: original NCREE; plane angles: USGS product us/pde19991022021858560_33_C_HRV; updated 2014-11-07T01:08:45.410Z | W69: usp0009gd0 | X69: NCREE original table in this workbook | AH69: No matching USGS product in queried archive | AI69: Coordinates, depth, Mw and mechanism use original NCREE fields. UTC time and plane angles have no equivalents in the original table; retained from their separately identified sources. Do not infer that retained angles are NCREE values. | AJ69: 2026-09-10 | BC69: Workbook name/year, magnitude and hypocenter where present; event sequence reviewed. Original waveform header not available. | BD69: https://earthquake.usgs.gov/earthquakes/eventpage/usp0009gd0 | BE69: NCREE | BF69: NCREE::1999_chiayi1
A70: 1999_chiayi2 | B70: 1999_Chiayi_02_Taiwan | C70: 5.57 | D70: Original NCREE source preferred | E70: 1999-10-22 | F70: 03:10:19.050Z | G70: catalog milliseconds | H70: 5.57 | I70: Mw | J70: 23.5331 | K70: 120.4308 | L70: 16.74 | M70: SS | N70: Two nodal planes; causative plane not selected | O70: 327 | P70: 78 | Q70: 0 | R70: 237 | S70: 90 | T70: 168 | U70: Original NCREE row: Hypo lat/lon/depth, Mw, fault type | V70: Fault type: original NCREE; plane angles: USGS product us/pde19991022031019050_33_C_HRV; updated 2014-11-07T01:08:45.455Z | W70: usp0009gd5 | X70: NCREE original table in this workbook | AH70: No matching USGS product in queried archive | AI70: Coordinates, depth, Mw and mechanism use original NCREE fields. UTC time and plane angles have no equivalents in the original table; retained from their separately identified sources. Do not infer that retained angles are NCREE values. | AJ70: 2026-09-10 | BC70: Workbook name/year, magnitude and hypocenter where present; event sequence reviewed. Original waveform header not available. | BD70: https://earthquake.usgs.gov/earthquakes/eventpage/usp0009gd5 | BE70: NCREE | BF70: NCREE::1999_chiayi2
A71: 1999_chichi4 | B71: Chi-Chi, Taiwan-04 | 1999_Chiayi_Taiwan | C71: 6.2 | 6.42 | D71: Original NCREE source preferred | E71: 1999-09-20 | F71: 21:46:42.870Z | G71: USGS catalog timestamp | H71: 6.42 | I71: Mw | J71: 23.6 | K71: 120.82 | L71: 18 | M71: SS | N71: NGA representative fault plane | O71: 330 | P71: 89 | Q71: 15 | U71: Original NCREE row: Hypo lat/lon/depth, Mw, fault type | V71: Fault type: original NCREE; plane angles: NGA-West2 fault geometry | W71: usp0009erf | X71: NCREE original table in this workbook | Y71: Updated NGA-West2 RotD50 d050 public flatfile; row 2695; EQID 0173 | Z71: 1 | AB71: 330 | AC71: 89 | AD71: 15 | AE71: 1.5 | AF71: 21.5 | AG71: 17.5 | AH71: No matching USGS product in queried archive | AI71: Coordinates, depth, Mw and mechanism use original NCREE fields. UTC time and plane angles have no equivalents in the original table; retained from their separately identified sources. Do not infer that retained angles are NCREE values. | AJ71: 2026-09-10 | BC71: NGA event name/year and EQID; USGS date, magnitude and location; sequence distinguished by origin time. Cross-sheet aliases inferred from identical original hypocenters and sequence table (Wang et al. 2004); workbook names differ. | BD71: https://earthquake.usgs.gov/earthquakes/eventpage/usp0009erf | BE71: NCREE | BF71: NCREE::1999_chichi4
A72: 1999_duzce | B72: Duzce, Turkey | DUZCE | 1999_Duzce_Turkey | C72: 7.1 | D72: Original NCREE source preferred | E72: 1999-11-12 | F72: 16:57:19.550Z | G72: USGS catalog timestamp | H72: 7.1 | I72: Mw | J72: 40.8345 | K72: 31.1346 | L72: 14 | M72: SS | N72: NGA representative fault plane | O72: 270 | P72: 65 | Q72: -178 | U72: Original NCREE row: Hypo lat/lon/depth, Mw, fault type | V72: Fault type: original NCREE; plane angles: NGA-West2 fault geometry | W72: usp0009hev | X72: NCREE original table in this workbook | Y72: Updated NGA-West2 RotD50 d050 public flatfile; row 1600; EQID 0138 | Z72: 1 | AB72: 270 | AC72: 65 | AD72: -178 | AE72: 0 | AF72: 46.8 | AG72: 20 | AH72: No matching USGS product in queried archive | AI72: Coordinates, depth, Mw and mechanism use original NCREE fields. UTC time and plane angles have no equivalents in the original table; retained from their separately identified sources. Do not infer that retained angles are NCREE values. | AJ72: 2026-09-10 | BC72: NGA event name/year and EQID; USGS date, magnitude and location; sequence distinguished by origin time. | BD72: https://earthquake.usgs.gov/earthquakes/eventpage/usp0009hev | BE72: NCREE | BF72: NCREE::1999_duzce
A73: 1999_hualien | B73: 1999_Hualien_Taiwan | C73: 6.31 | D73: Original NCREE source preferred | E73: 1999-11-01 | F73: 17:53:00.120Z | G73: catalog milliseconds | H73: 6.31 | I73: Mw | J73: 23.3688 | K73: 121.693 | L73: 33.37 | M73: RV | N73: Two nodal planes; causative plane not selected | O73: 218 | P73: 38 | Q73: 108 | R73: 15 | S73: 54 | T73: 76 | U73: Original NCREE row: Hypo lat/lon/depth, Mw, fault type | V73: Fault type: original NCREE; plane angles: USGS product us/pde19991101175300120_33_C_HRV; updated 2014-11-07T01:08:51.305Z | W73: usp0009gyc | X73: NCREE original table in this workbook | AH73: No matching USGS product in queried archive | AI73: Coordinates, depth, Mw and mechanism use original NCREE fields. UTC time and plane angles have no equivalents in the original table; retained from their separately identified sources. Do not infer that retained angles are NCREE values. | AJ73: 2026-09-10 | BC73: Workbook name/year, magnitude and hypocenter where present; event sequence reviewed. Original waveform header not available. | BD73: https://earthquake.usgs.gov/earthquakes/eventpage/usp0009gyc | BE73: NCREE | BF73: NCREE::1999_hualien
A74: 1999_kocaeli | B74: Kocaeli, Turkey | KOCAELI | 1999_Kocaeli_Turkey | C74: 7.5 | D74: Original NCREE source preferred | E74: 1999-08-17 | F74: 00:01:39.130Z | G74: USGS catalog timestamp | H74: 7.5 | I74: Mw | J74: 40.748 | K74: 29.99 | L74: 16 | M74: SS | N74: Two nodal planes; causative plane not selected | O74: 178 | P74: 74 | Q74: 9 | R74: 85 | S74: 81 | T74: 163 | U74: Original NCREE row: Hypo lat/lon/depth, Mw, fault type | V74: Fault type: original NCREE; plane angles: USGS product us/duputel081799A; updated 2015-02-12T16:21:18.000Z | W74: usp0009d4z | X74: NCREE original table in this workbook | Y74: Updated NGA-West2 RotD50 d050 public flatfile; row 1147; EQID 0136 | Z74: 1 | AB74: 271 | AC74: 80 | AD74: 180 | AE74: 0 | AF74: 137.5 | AG74: 20.3 | AH74: USGS model matched | AI74: Coordinates, depth, Mw and mechanism use original NCREE fields. UTC time and plane angles have no equivalents in the original table; retained from their separately identified sources. Do not infer that retained angles are NCREE values. | AJ74: 2026-09-10 | AK74: 1 | AL74: 7.53 | AM74: 2.5945313e+20 | AN74: 7.2274 | AO74: 5880 | AP74: 2.03 | AQ74: 2.15 | AR74: 40.75 | AS74: 29.86 | AT74: 17 | AU74: us | AV74: usp0009d4z | AX74: 43390.382 | AY74: https://earthquake.usgs.gov/earthquakes/eventpage/usp0009d4z/finite-fault | AZ74: https://earthquake.usgs.gov/product/finite-fault/usp0009d4z/us/1539796243080/complete_inversion.fsp | BA74: https://earthquake.usgs.gov/product/finite-fault/usp0009d4z/us/1539796243080/basic_inversion.param | BB74: https://earthquake.usgs.gov/product/finite-fault/usp0009d4z/us/1539796243080/moment_rate.mr | BC74: NGA event name/year and EQID; USGS date, magnitude and location; sequence distinguished by origin time. | BD74: https://earthquake.usgs.gov/earthquakes/eventpage/usp0009d4z | BE74: NCREE | BF74: NCREE::1999_kocaeli
A75: 2000_tottori | B75: Tottori, Japan | 2000_Tottori_Japan | C75: 6.6 | D75: Original NCREE source preferred | E75: 2000-10-06 | F75: 04:30:19.150Z | G75: USGS catalog timestamp | H75: 6.6 | I75: Mw | J75: 35.275 | K75: 133.35 | L75: 12.5 | M75: SS | N75: NGA representative fault plane | O75: 330 | P75: 90 | Q75: 0 | U75: Original NCREE row: Hypo lat/lon/depth, Mw, fault type | V75: Fault type: original NCREE; plane angles: NGA-West2 fault geometry | W75: usp000a1b0 | X75: NCREE original table in this workbook | Y75: Updated NGA-West2 RotD50 d050 public flatfile; row 3871; EQID 0176 | Z75: 1 | AB75: 330 | AC75: 90 | AD75: 0 | AE75: 0.5 | AF75: 38 | AG75: 20 | AH75: No matching USGS product in queried archive | AI75: Coordinates, depth, Mw and mechanism use original NCREE fields. UTC time and plane angles have no equivalents in the original table; retained from their separately identified sources. Do not infer that retained angles are NCREE values. | AJ75: 2026-09-10 | BC75: NGA event name/year and EQID; USGS date, magnitude and location; sequence distinguished by origin time. | BD75: https://earthquake.usgs.gov/earthquakes/eventpage/usp000a1b0 | BE75: NCREE | BF75: NCREE::2000_tottori
A76: 2001_taipo | B76: 2001_TaiPo_Taiwan | C76: 4.99 | D76: Original NCREE source preferred | E76: 2001-09-17 | F76: 22:44:42.220Z | G76: catalog milliseconds | H76: 4.99 | I76: Mw | J76: 23.2803 | K76: 120.6587 | L76: 5.83 | M76: RV | U76: Original NCREE row: Hypo lat/lon/depth, Mw, fault type | V76: Fault type: original NCREE; plane angles: None | W76: usp000apcg | X76: NCREE original table in this workbook | AH76: No matching USGS product in queried archive | AI76: Coordinates, depth, Mw and mechanism use original NCREE fields. UTC time and plane angles have no equivalents in the original table; retained from their separately identified sources. Do not infer that retained angles are NCREE values. | AJ76: 2026-09-10 | BC76: Workbook name/year, magnitude and hypocenter where present; event sequence reviewed. Original waveform header not available. CWA 2001-09-18 06:44:44 local, 23.28N 120.65E confirms Taipo. | BD76: https://earthquake.usgs.gov/earthquakes/eventpage/usp000apcg | BE76: NCREE | BF76: NCREE::2001_taipo
A77: 2002_denali | B77: Denali, Alaska | DENALI | 2002_Denali_Alaska | C77: 7.9 | D77: Original NCREE source preferred | E77: 2002-11-03 | F77: 22:12:41.518Z | G77: USGS catalog timestamp | H77: 7.9 | I77: Mw | J77: 63.542 | K77: -147.4444 | L77: 8.9 | M77: SS | N77: Two nodal planes; causative plane not selected | O77: 209 | P77: 73 | Q77: 24 | R77: 112 | S77: 66 | T77: 162 | U77: Original NCREE row: Hypo lat/lon/depth, Mw, fault type | V77: Fault type: original NCREE; plane angles: USGS product us/duputel110302J; updated 2015-02-12T16:21:20.000Z | W77: ak002e435qpj | X77: NCREE original table in this workbook | Y77: Updated NGA-West2 RotD50 d050 public flatfile; row 2096; EQID 0169 | Z77: 1 | AB77: 298 | AC77: 82 | AD77: 171 | AE77: 0 | AF77: 305 | AG77: 16.2 | AH77: USGS model matched | AI77: Coordinates, depth, Mw and mechanism use original NCREE fields. UTC time and plane angles have no equivalents in the original table; retained from their separately identified sources. Do not infer that retained angles are NCREE values. | AJ77: 2026-09-10 | AK77: 5 | AL77: 7.97 | AM77: 1.1972318e+21 | AN77: 14.9975 | AO77: 11760 | AP77: 6.26 | AQ77: 2.31 | AR77: 63.5175 | AS77: -147.444 | AT77: 8 | AU77: us | AV77: usp000bg0m | AX77: 43390.49 | AY77: https://earthquake.usgs.gov/earthquakes/eventpage/ak002e435qpj/finite-fault | AZ77: https://earthquake.usgs.gov/product/finite-fault/usp000bg0m/us/1539805514087/complete_inversion.fsp | BA77: https://earthquake.usgs.gov/product/finite-fault/usp000bg0m/us/1539805514087/basic_inversion.param | BB77: https://earthquake.usgs.gov/product/finite-fault/usp000bg0m/us/1539805514087/moment_rate.mr | BC77: NGA event name/year and EQID; USGS date, magnitude and location; sequence distinguished by origin time. | BD77: https://earthquake.usgs.gov/earthquakes/eventpage/ak002e435qpj | BE77: NCREE | BF77: NCREE::2002_denali
A78: 2002_hualienoffshore | B78: 2002_Hualien_Offshore_Taiwan | C78: 7.12 | D78: Original NCREE source preferred | E78: 2002-03-31 | F78: 06:52:50.490Z | G78: catalog milliseconds | H78: 7.12 | I78: Mw | J78: 24.1602 | K78: 122.172 | L78: 33 | M78: RO | N78: Two nodal planes; causative plane not selected | O78: 286 | P78: 34 | Q78: 111 | R78: 81 | S78: 57 | T78: 75 | U78: Original NCREE row: Hypo lat/lon/depth, Mw, fault type | V78: Fault type: original NCREE; plane angles: USGS product us/duputel033102A; updated 2015-02-12T16:21:19.000Z | W78: usp000b1e2 | X78: NCREE original table in this workbook | AH78: No matching USGS product in queried archive | AI78: Coordinates, depth, Mw and mechanism use original NCREE fields. UTC time and plane angles have no equivalents in the original table; retained from their separately identified sources. Do not infer that retained angles are NCREE values. | AJ78: 2026-09-10 | BC78: Workbook name/year, magnitude and hypocenter where present; event sequence reviewed. Original waveform header not available. | BD78: https://earthquake.usgs.gov/earthquakes/eventpage/usp000b1e2 | BE78: NCREE | BF78: NCREE::2002_hualienoffshore
A79: 2003_bam | B79: Bam, Iran | 2003_Bam_Iran | C79: 6.6 | D79: Original NCREE source preferred | E79: 2003-12-26 | F79: 01:56:52.440Z | G79: USGS catalog timestamp | H79: 6.6 | I79: Mw | J79: 28.984 | K79: 58.359 | L79: 6 | M79: SS | N79: NGA representative fault plane | O79: 354.6 | P79: 85.5 | Q79: -177 | U79: Original NCREE row: Hypo lat/lon/depth, Mw, fault type | V79: Fault type: original NCREE; plane angles: NGA-West2 fault geometry | W79: usp000cg2d | X79: NCREE original table in this workbook | Y79: Updated NGA-West2 RotD50 d050 public flatfile; row 4038; EQID 0178 | Z79: 1 | AA79: Arg-e-Bam and Bam faults | AB79: 354.6 | AC79: 85.5 | AD79: -177 | AE79: 1.4 | AF79: 15 | AG79: 11.6 | AH79: No matching USGS product in queried archive | AI79: Coordinates, depth, Mw and mechanism use original NCREE fields. UTC time and plane angles have no equivalents in the original table; retained from their separately identified sources. Do not infer that retained angles are NCREE values. | AJ79: 2026-09-10 | BC79: NGA event name/year and EQID; USGS date, magnitude and location; sequence distinguished by origin time. | BD79: https://earthquake.usgs.gov/earthquakes/eventpage/usp000cg2d | BE79: NCREE | BF79: NCREE::2003_bam
A80: 2004_niigata | B80: Niigata, Japan | 2004_Niigata_Japan | C80: 6.6 | D80: Original NCREE source preferred | E80: 2004-10-23 | F80: 08:56:00.860Z | G80: USGS catalog timestamp | H80: 6.6 | I80: Mw | J80: 37.307 | K80: 138.839 | L80: 10.6 | M80: RV | N80: NGA representative fault plane | O80: 212 | P80: 47 | Q80: 93 | U80: Original NCREE row: Hypo lat/lon/depth, Mw, fault type | V80: Fault type: original NCREE; plane angles: NGA-West2 fault geometry | W80: usp000d6vk | X80: NCREE original table in this workbook | Y80: Updated NGA-West2 RotD50 d050 public flatfile; row 4152; EQID 0180 | Z80: 1 | AA80: Obiro and Western Margin Muika Basin faults | AB80: 212 | AC80: 47 | AD80: 93 | AE80: 4.02 | AF80: 24 | AG80: 14 | AH80: No matching USGS product in queried archive | AI80: Coordinates, depth, Mw and mechanism use original NCREE fields. UTC time and plane angles have no equivalents in the original table; retained from their separately identified sources. Do not infer that retained angles are NCREE values. | AJ80: 2026-09-10 | BC80: NGA event name/year and EQID; USGS date, magnitude and location; sequence distinguished by origin time. | BD80: https://earthquake.usgs.gov/earthquakes/eventpage/usp000d6vk | BE80: NCREE | BF80: NCREE::2004_niigata
A81: 2004_parkfield02ca | B81: Parkfield-02, CA | 2004_Parkfield_02_CA | C81: 6 | D81: Original NCREE source preferred | E81: 2004-09-28 | F81: 17:15:24.250Z | G81: USGS catalog timestamp | H81: 6 | I81: Mw | J81: 35.817 | K81: -120.365 | L81: 8.1 | M81: SS | N81: NGA representative fault plane | O81: 141 | P81: 89 | Q81: -175 | U81: Original NCREE row: Hypo lat/lon/depth, Mw, fault type | V81: Fault type: original NCREE; plane angles: NGA-West2 fault geometry | W81: nc30228270 | X81: NCREE original table in this workbook | Y81: Updated NGA-West2 RotD50 d050 public flatfile; row 4062; EQID 0179 | Z81: 1 | AA81: San Andreas | AB81: 141 | AC81: 89 | AD81: -175 | AE81: 2.5 | AF81: 40 | AG81: 8 | AH81: No matching USGS product in queried archive | AI81: Coordinates, depth, Mw and mechanism use original NCREE fields. UTC time and plane angles have no equivalents in the original table; retained from their separately identified sources. Do not infer that retained angles are NCREE values. | AJ81: 2026-09-10 | BC81: NGA event name/year and EQID; USGS date, magnitude and location; sequence distinguished by origin time. | BD81: https://earthquake.usgs.gov/earthquakes/eventpage/nc30228270 | BE81: NCREE | BF81: NCREE::2004_parkfield02ca
A82: 2004_taitung | B82: 2004_Taitung_Taiwan | C82: 6.24 | D82: Original NCREE source preferred | E82: 2004-05-19 | F82: 07:04:11.710Z | G82: catalog milliseconds | H82: 6.24 | I82: Mw | J82: 22.7262 | K82: 121.3695 | L82: 24.03 | M82: RO | N82: Two nodal planes; causative plane not selected | O82: 358 | P82: 45 | Q82: 49 | R82: 229 | S82: 58 | T82: 124 | U82: Original NCREE row: Hypo lat/lon/depth, Mw, fault type | V82: Fault type: original NCREE; plane angles: USGS product us/pde20040519070411710_20_C_HRV; updated 2014-11-07T01:22:21.017Z | W82: usp000cvj3 | X82: NCREE original table in this workbook | AH82: No matching USGS product in queried archive | AI82: Coordinates, depth, Mw and mechanism use original NCREE fields. UTC time and plane angles have no equivalents in the original table; retained from their separately identified sources. Do not infer that retained angles are NCREE values. | AJ82: 2026-09-10 | BC82: Workbook name/year, magnitude and hypocenter where present; event sequence reviewed. Original waveform header not available. | BD82: https://earthquake.usgs.gov/earthquakes/eventpage/usp000cvj3 | BE82: NCREE | BF82: NCREE::2004_taitung
A83: 2005_ilansuao | B83: 2005_Ilan_Suao_Taiwan | C83: 5.77 | D83: Original NCREE source preferred | E83: 2005-03-05 | F83: 19:08:01.670Z | G83: catalog milliseconds | H83: 5.77 | I83: Mw | J83: 24.6573 | K83: 121.8135 | L83: 10.17 | M83: SS | N83: Two nodal planes; causative plane not selected | O83: 358 | P83: 62 | Q83: -165 | R83: 261 | S83: 77 | T83: -29 | U83: Original NCREE row: Hypo lat/lon/depth, Mw, fault type | V83: Fault type: original NCREE; plane angles: USGS product us/pde20050305190801670_10_C_HRV; updated 2014-11-07T01:25:11.262Z | W83: usp000dhkp | X83: NCREE original table in this workbook | AH83: No matching USGS product in queried archive | AI83: Coordinates, depth, Mw and mechanism use original NCREE fields. UTC time and plane angles have no equivalents in the original table; retained from their separately identified sources. Do not infer that retained angles are NCREE values. | AJ83: 2026-09-10 | BC83: User explicitly confirmed 19:08 UTC event; USGS usp000dhkp. | BD83: https://earthquake.usgs.gov/earthquakes/eventpage/usp000dhkp | BE83: NCREE | BF83: NCREE::2005_ilansuao
A84: 2006_hengchunoffshore1 | B84: 2006_Hengchun_Offshore_01_Taiwan | C84: 7.02 | D84: Original NCREE source preferred | E84: 2006-12-26 | F84: 12:26:21.140Z | G84: catalog milliseconds | H84: 7.02 | I84: Mw | J84: 21.887 | K84: 120.5684 | L84: 44.1 | M84: NO | N84: Two nodal planes; causative plane not selected | O84: 319 | P84: 69 | Q84: 257 | R84: 170 | S84: 23 | T84: -60 | U84: Original NCREE row: Hypo lat/lon/depth, Mw, fault type | V84: Fault type: original NCREE; plane angles: USGS product us/duputel200612261226A; updated 2015-02-12T16:21:21.000Z | W84: usp000f114 | X84: NCREE original table in this workbook | AH84: No matching USGS product in queried archive | AI84: Coordinates, depth, Mw and mechanism use original NCREE fields. UTC time and plane angles have no equivalents in the original table; retained from their separately identified sources. Do not infer that retained angles are NCREE values. | AJ84: 2026-09-10 | BC84: Workbook name/year, magnitude and hypocenter where present; event sequence reviewed. Original waveform header not available. | BD84: https://earthquake.usgs.gov/earthquakes/eventpage/usp000f114 | BE84: NCREE | BF84: NCREE::2006_hengchunoffshore1
A85: 2006_hengchunoffshore | B85: 2006_Hengchun_Offshore_Taiwan | C85: 6.94 | D85: Original NCREE source preferred | E85: 2006-12-26 | F85: 12:34:13.800Z | G85: catalog milliseconds | H85: 6.94 | I85: Mw | J85: 22.0297 | K85: 120.4051 | L85: 33.8 | M85: SS | N85: Two nodal planes; causative plane not selected | O85: 151 | P85: 48 | Q85: 0 | R85: 61 | S85: 90 | T85: 138 | U85: Original NCREE row: Hypo lat/lon/depth, Mw, fault type | V85: Fault type: original NCREE; plane angles: USGS product us/pde20061226123413800_10_C_GCMT; updated 2014-11-07T01:31:11.751Z | W85: usp000f115 | X85: NCREE original table in this workbook | AH85: No matching USGS product in queried archive | AI85: Coordinates, depth, Mw and mechanism use original NCREE fields. UTC time and plane angles have no equivalents in the original table; retained from their separately identified sources. Do not infer that retained angles are NCREE values. | AJ85: 2026-09-10 | BC85: Workbook name/year, magnitude and hypocenter where present; event sequence reviewed. Original waveform header not available. | BD85: https://earthquake.usgs.gov/earthquakes/eventpage/usp000f115 | BE85: NCREE | BF85: NCREE::2006_hengchunoffshore
A86: 2006_taitung | B86: 2006_Taitung_Taiwan | C86: 6.17 | D86: Original NCREE source preferred | E86: 2006-04-01 | F86: 10:02:19.570Z | G86: catalog milliseconds | H86: 6.17 | I86: Mw | J86: 22.881 | K86: 121.0648 | L86: 9.71 | M86: SS | N86: Two nodal planes; causative plane not selected | O86: 199 | P86: 63 | Q86: 11 | R86: 104 | S86: 80 | T86: 153 | U86: Original NCREE row: Hypo lat/lon/depth, Mw, fault type | V86: Fault type: original NCREE; plane angles: USGS product us/pde20060401100219570_9_C_HRV; updated 2014-11-07T01:28:40.934Z | W86: usp000ede6 | X86: NCREE original table in this workbook | AH86: No matching USGS product in queried archive | AI86: Coordinates, depth, Mw and mechanism use original NCREE fields. UTC time and plane angles have no equivalents in the original table; retained from their separately identified sources. Do not infer that retained angles are NCREE values. | AJ86: 2026-09-10 | BC86: Workbook name/year, magnitude and hypocenter where present; event sequence reviewed. Original waveform header not available. | BD86: https://earthquake.usgs.gov/earthquakes/eventpage/usp000ede6 | BE86: NCREE | BF86: NCREE::2006_taitung
A87: 2007_chuetsuoki | B87: Chuetsu-oki | 2007_Chuetsu-oki_Japan | C87: 6.8 | D87: Original NCREE source preferred | E87: 2007-07-16 | F87: 01:13:22.370Z | G87: USGS catalog timestamp | H87: 6.8 | I87: Mw | J87: 37.5382 | K87: 138.6174 | L87: 9 | M87: RV | N87: NGA representative fault plane | O87: 34 | P87: 36 | Q87: 90 | U87: Original NCREE row: Hypo lat/lon/depth, Mw, fault type | V87: Fault type: original NCREE; plane angles: NGA-West2 fault geometry | W87: usp000fg9t | X87: NCREE original table in this workbook | Y87: Updated NGA-West2 RotD50 d050 public flatfile; row 4841; EQID 0278 | Z87: 1 | AB87: 34 | AC87: 36 | AD87: 90 | AE87: 3.12 | AF87: 32 | AG87: 24 | AH87: No matching USGS product in queried archive | AI87: Coordinates, depth, Mw and mechanism use original NCREE fields. UTC time and plane angles have no equivalents in the original table; retained from their separately identified sources. Do not infer that retained angles are NCREE values. | AJ87: 2026-09-10 | BC87: NGA event name/year and EQID; USGS date, magnitude and location; sequence distinguished by origin time. | BD87: https://earthquake.usgs.gov/earthquakes/eventpage/usp000fg9t | BE87: NCREE | BF87: NCREE::2007_chuetsuoki
A88: 2007_taitung | B88: 2007_Taitung_Taiwan | C88: 5.24 | D88: Original NCREE source preferred | E88: 2007-08-09 | F88: 00:55:52.300Z | G88: catalog milliseconds | H88: 5.24 | I88: Mw | J88: 22.6458 | K88: 121.0633 | L88: 5.62 | M88: SS | U88: Original NCREE row: Hypo lat/lon/depth, Mw, fault type | V88: Fault type: original NCREE; plane angles: None | W88: usp000fj7j | X88: NCREE original table in this workbook | AH88: No matching USGS product in queried archive | AI88: Coordinates, depth, Mw and mechanism use original NCREE fields. UTC time and plane angles have no equivalents in the original table; retained from their separately identified sources. Do not infer that retained angles are NCREE values. | AJ88: 2026-09-10 | BC88: Workbook name/year, magnitude and hypocenter where present; event sequence reviewed. Original waveform header not available. CWA 2007-08-09 08:55:47 local confirms Taitung. | BD88: https://earthquake.usgs.gov/earthquakes/eventpage/usp000fj7j | BE88: NCREE | BF88: NCREE::2007_taitung
A89: 2009_hualienoffshore | B89: 2009_Hualien_Offshore_Taiwan | C89: 6.47 | D89: Original NCREE source preferred | E89: 2009-12-19 | F89: 13:02:15.570Z | G89: catalog milliseconds | H89: 6.47 | I89: Mw | J89: 23.7988 | K89: 121.657 | L89: 43.05 | M89: RV | N89: Two nodal planes; causative plane not selected | O89: 249 | P89: 31 | Q89: 144 | R89: 11 | S89: 73 | T89: 64 | U89: Original NCREE row: Hypo lat/lon/depth, Mw, fault type | V89: Fault type: original NCREE; plane angles: USGS product us/pde20091219130215570_43_C_GCMT; updated 2014-11-07T01:40:17.494Z | W89: usp000h56g | X89: NCREE original table in this workbook | AH89: No matching USGS product in queried archive | AI89: Coordinates, depth, Mw and mechanism use original NCREE fields. UTC time and plane angles have no equivalents in the original table; retained from their separately identified sources. Do not infer that retained angles are NCREE values. | AJ89: 2026-09-10 | BC89: Workbook name/year, magnitude and hypocenter where present; event sequence reviewed. Original waveform header not available. | BD89: https://earthquake.usgs.gov/earthquakes/eventpage/usp000h56g | BE89: NCREE | BF89: NCREE::2009_hualienoffshore
A90: 2009_laquila | B90: L'Aquila, Italy | L-AQUILA | 2009_LAquila_Italy | C90: 6.3 | D90: Original NCREE source preferred | E90: 2009-04-06 | F90: 01:32:39.000Z | G90: USGS catalog timestamp | H90: 6.3 | I90: Mw | J90: 42.3476 | K90: 13.38 | L90: 9.27 | M90: NM | N90: NGA representative fault plane | O90: 139 | P90: 48 | Q90: -98 | U90: Original NCREE row: Hypo lat/lon/depth, Mw, fault type | V90: Fault type: original NCREE; plane angles: NGA-West2 fault geometry | W90: usp000gvtu | X90: NCREE original table in this workbook | Y90: Updated NGA-West2 RotD50 d050 public flatfile; row 4461; EQID 0274 | Z90: 1 | AB90: 139 | AC90: 48 | AD90: -98 | AE90: 0.8 | AF90: 20 | AG90: 16 | AH90: No matching USGS product in queried archive | AI90: Coordinates, depth, Mw and mechanism use original NCREE fields. UTC time and plane angles have no equivalents in the original table; retained from their separately identified sources. Do not infer that retained angles are NCREE values. | AJ90: 2026-09-10 | BC90: NGA event name/year and EQID; USGS date, magnitude and location; sequence distinguished by origin time. | BD90: https://earthquake.usgs.gov/earthquakes/eventpage/usp000gvtu | BE90: NCREE | BF90: NCREE::2009_laquila
A91: 2009_nantou | B91: 2009_Nantou_Taiwan | C91: 5.6 | D91: Original NCREE source preferred | E91: 2009-11-05 | F91: 09:32:56.560Z | G91: catalog milliseconds | H91: 5.6 | I91: Mw | J91: 23.7878 | K91: 120.7282 | L91: 23.55 | M91: RO | N91: Two nodal planes; causative plane not selected | O91: 344 | P91: 56 | Q91: 39 | R91: 230 | S91: 59 | T91: 139 | U91: Original NCREE row: Hypo lat/lon/depth, Mw, fault type | V91: Fault type: original NCREE; plane angles: USGS product us/pde20091105093256560_18_C_GCMT; updated 2014-11-07T01:40:04.597Z | W91: usp000h3s7 | X91: NCREE original table in this workbook | AH91: No matching USGS product in queried archive | AI91: Coordinates, depth, Mw and mechanism use original NCREE fields. UTC time and plane angles have no equivalents in the original table; retained from their separately identified sources. Do not infer that retained angles are NCREE values. | AJ91: 2026-09-10 | BC91: Workbook name/year, magnitude and hypocenter where present; event sequence reviewed. Original waveform header not available. | BD91: https://earthquake.usgs.gov/earthquakes/eventpage/usp000h3s7 | BE91: NCREE | BF91: NCREE::2009_nantou
A92: 2010_darfield | B92: Darfield, New Zealand | DARFIELD | Darfield | 2010_Darfield_NewZealand | C92: 7 | 7.02 | D92: Original NCREE source preferred | E92: 2010-09-03 | F92: 16:35:46Z | G92: second (Table 1) | H92: 7 | I92: Mw | J92: -43.615 | K92: 172.049 | L92: 10.9 | M92: SS | N92: Table 1 reported fault geometry | O92: 85 | P92: 82 | Q92: 154 | U92: Original NCREE row: Hypo lat/lon/depth, Mw, fault type | V92: Fault type: original NCREE; plane angles: Same Table 1; publication citation not supplied | W92: usp000hk46 | X92: NCREE original table in this workbook | Y92: Updated NGA-West2 RotD50 d050 public flatfile; row 6880; EQID 0281 | Z92: 1 | AB92: 85.1 | AC92: 82.2 | AD92: 180 | AE92: 0 | AF92: 52.5 | AG92: 24 | AH92: No matching USGS product in queried archive | AI92: Coordinates, depth, Mw and mechanism use original NCREE fields. UTC time and plane angles have no equivalents in the original table; retained from their separately identified sources. Do not infer that retained angles are NCREE values. | AJ92: 2026-09-10 | BC92: Table 1 event name and UTC time identify the same event; literature parameters selected by user. | BD92: /Users/mingshen/Desktop/Screenshot 2026-09-10 at 23.58.23.png | BE92: NCREE | BF92: NCREE::2010_darfield
A93: 2010_elmayorcucapah | B93: El Mayor-Cucapah | 2010_ElMayor-Cucapah_Mexico | C93: 7.2 | D93: Original NCREE source preferred | E93: 2010-04-04 | F93: 22:40:42.360Z | G93: USGS catalog timestamp | H93: 7.2 | I93: Mw | J93: 32.3 | K93: -115.267 | L93: 5.45 | M93: SS | N93: NGA representative fault plane | O93: 236 | P93: 63 | Q93: -164 | U93: Original NCREE row: Hypo lat/lon/depth, Mw, fault type | V93: Fault type: original NCREE; plane angles: NGA-West2 fault geometry | W93: ci14607652 | X93: NCREE original table in this workbook | Y93: Updated NGA-West2 RotD50 d050 public flatfile; row 5824; EQID 0280 | Z93: 1 | AB93: 236 | AC93: 63 | AD93: -164 | AE93: 0.5 | AF93: 125 | AG93: 14.4 | AH93: No matching USGS product in queried archive | AI93: Coordinates, depth, Mw and mechanism use original NCREE fields. UTC time and plane angles have no equivalents in the original table; retained from their separately identified sources. Do not infer that retained angles are NCREE values. | AJ93: 2026-09-10 | BC93: NGA event name/year and EQID; USGS date, magnitude and location; sequence distinguished by origin time. | BD93: https://earthquake.usgs.gov/earthquakes/eventpage/ci14607652 | BE93: NCREE | BF93: NCREE::2010_elmayorcucapah
A94: 2010_jiaxian | B94: 2010_Jiaxian_Taiwan | C94: 6.29 | D94: Original NCREE source preferred | E94: 2010-03-04 | F94: 00:18:51.290Z | G94: catalog milliseconds | H94: 6.29 | I94: Mw | J94: 22.979 | K94: 120.7316 | L94: 22.6 | M94: RV | N94: Two nodal planes; causative plane not selected | O94: 310 | P94: 26 | Q94: 42 | R94: 181 | S94: 72 | T94: 110 | U94: Original NCREE row: Hypo lat/lon/depth, Mw, fault type | V94: Fault type: original NCREE; plane angles: USGS product us/pde20100304001851290_21_C_WCMT; updated 2015-07-01T17:06:25.000Z | W94: usp000h8nd | X94: NCREE original table in this workbook | AH94: No matching USGS product in queried archive | AI94: Coordinates, depth, Mw and mechanism use original NCREE fields. UTC time and plane angles have no equivalents in the original table; retained from their separately identified sources. Do not infer that retained angles are NCREE values. | AJ94: 2026-09-10 | BC94: Workbook name/year, magnitude and hypocenter where present; event sequence reviewed. Original waveform header not available. | BD94: https://earthquake.usgs.gov/earthquakes/eventpage/usp000h8nd | BE94: NCREE | BF94: NCREE::2010_jiaxian
A95: 2011_christchurch | B95: Christchurch, New Zealand | 2011_Christchurch_NewZealand | C95: 6.1 | 6.2 | D95: Original NCREE source preferred | E95: 2011-02-21 | F95: 23:51:42.350Z | G95: USGS catalog timestamp | H95: 6.2 | I95: Mw | J95: -43.571 | K95: 172.703 | L95: 6 | M95: RO | N95: NGA representative fault plane | O95: 59 | P95: 67 | Q95: 135 | U95: Original NCREE row: Hypo lat/lon/depth, Mw, fault type | V95: Fault type: original NCREE; plane angles: NGA-West2 fault geometry | W95: usp000huvq | X95: NCREE original table in this workbook | Y95: Updated NGA-West2 RotD50 d050 public flatfile; row 8057; EQID 0346 | Z95: 1 | AB95: 59 | AC95: 67 | AD95: 135 | AE95: 0.5 | AF95: 7 | AG95: 10 | AH95: No matching USGS product in queried archive | AI95: Coordinates, depth, Mw and mechanism use original NCREE fields. UTC time and plane angles have no equivalents in the original table; retained from their separately identified sources. Do not infer that retained angles are NCREE values. | AJ95: 2026-09-10 | BC95: NGA event name/year and EQID; USGS date, magnitude and location; sequence distinguished by origin time. | BD95: https://earthquake.usgs.gov/earthquakes/eventpage/usp000huvq | BE95: NCREE | BF95: NCREE::2011_christchurch
A96: 2013_nantou1 | B96: 2013_Nantou_01_Taiwan | C96: 6.01 | D96: Original NCREE source preferred | E96: 2013-03-27 | F96: 02:03:19.820Z | G96: catalog milliseconds | H96: 6.01 | I96: Mw | J96: 23.9004 | K96: 121.0537 | L96: 19.4 | M96: RV | N96: Two nodal planes; causative plane not selected | O96: 8 | P96: 23 | Q96: 73 | R96: 207 | S96: 68 | T96: 97 | U96: Original NCREE row: Hypo lat/lon/depth, Mw, fault type | V96: Fault type: original NCREE; plane angles: USGS product us/usb000ftgc_Mww; updated 2013-03-27T05:34:24.615Z | W96: usb000ftgc | X96: NCREE original table in this workbook | AH96: No matching USGS product in queried archive | AI96: Coordinates, depth, Mw and mechanism use original NCREE fields. UTC time and plane angles have no equivalents in the original table; retained from their separately identified sources. Do not infer that retained angles are NCREE values. | AJ96: 2026-09-10 | BC96: Workbook name/year, magnitude and hypocenter where present; event sequence reviewed. Original waveform header not available. | BD96: https://earthquake.usgs.gov/earthquakes/eventpage/usb000ftgc | BE96: NCREE | BF96: NCREE::2013_nantou1
A97: 2013_nantou2 | B97: 2013_Nantou_02_Taiwan | C97: 6.3 | D97: Original NCREE source preferred | E97: 2013-06-02 | F97: 05:43:03.460Z | G97: catalog milliseconds | H97: 6.3 | I97: Mw | J97: 23.8583 | K97: 120.9762 | L97: 14.5 | M97: RV | N97: Two nodal planes; causative plane not selected | O97: 14 | P97: 29 | Q97: 87 | R97: 198 | S97: 61 | T97: 92 | U97: Original NCREE row: Hypo lat/lon/depth, Mw, fault type | V97: Fault type: original NCREE; plane angles: USGS product us/usb000hbrt_Mww; updated 2013-06-02T06:36:41.637Z | W97: usb000hbrt | X97: NCREE original table in this workbook | AH97: No matching USGS product in queried archive | AI97: Coordinates, depth, Mw and mechanism use original NCREE fields. UTC time and plane angles have no equivalents in the original table; retained from their separately identified sources. Do not infer that retained angles are NCREE values. | AJ97: 2026-09-10 | BC97: Workbook name/year, magnitude and hypocenter where present; event sequence reviewed. Original waveform header not available. | BD97: https://earthquake.usgs.gov/earthquakes/eventpage/usb000hbrt | BE97: NCREE | BF97: NCREE::2013_nantou2
A98: 2013_ruisui | B98: 2013_Ruisui_Taiwan | C98: 6.32 | D98: Original NCREE source preferred | E98: 2013-10-31 | F98: 12:02:08.720Z | G98: catalog milliseconds | H98: 6.32 | I98: Mw | J98: 23.5679 | K98: 121.3463 | L98: 14.98 | M98: RO | N98: Two nodal planes; causative plane not selected | O98: 201 | P98: 45 | Q98: 39 | R98: 81 | S98: 63 | T98: 128 | U98: Original NCREE row: Hypo lat/lon/depth, Mw, fault type | V98: Fault type: original NCREE; plane angles: USGS product us/usc000ksdy_Mww; updated 2013-10-31T12:50:27.623Z | W98: usc000ksdy | X98: NCREE original table in this workbook | AH98: No matching USGS product in queried archive | AI98: Coordinates, depth, Mw and mechanism use original NCREE fields. UTC time and plane angles have no equivalents in the original table; retained from their separately identified sources. Do not infer that retained angles are NCREE values. | AJ98: 2026-09-10 | BC98: Workbook name/year, magnitude and hypocenter where present; event sequence reviewed. Original waveform header not available. | BD98: https://earthquake.usgs.gov/earthquakes/eventpage/usc000ksdy | BE98: NCREE | BF98: NCREE::2013_ruisui
A99: 2015_gorkha | B99: 2015_Gorkha_Nepal | C99: 7.8 | D99: Original NCREE source preferred | E99: 2015-04-25 | F99: 06:11:25.950Z | G99: catalog milliseconds | H99: 7.8 | I99: Mw | J99: 28.231 | K99: 84.731 | L99: 8.2 | M99: RV | N99: Two nodal planes; causative plane not selected | O99: 99 | P99: 83 | Q99: 89 | R99: 290 | S99: 7 | T99: 101 | U99: Original NCREE row: Hypo lat/lon/depth, Mw, fault type | V99: Fault type: original NCREE; plane angles: USGS product us/us_20002926_mww; updated 2015-07-03T00:23:39.040Z | W99: us20002926 | X99: NCREE original table in this workbook | AH99: USGS model matched | AI99: Coordinates, depth, Mw and mechanism use original NCREE fields. UTC time and plane angles have no equivalents in the original table; retained from their separately identified sources. Do not infer that retained angles are NCREE values. | AJ99: 2026-09-10 | AK99: 1 | AL99: 7.82 | AM99: 7.1023654e+20 | AN99: 4.4804 | AO99: 32457.6 | AP99: 3.08 | AQ99: 2.4 | AR99: 28.13 | AS99: 84.65 | AT99: 15 | AU99: us | AV99: us20002926 | AX99: 43390.541 | AY99: https://earthquake.usgs.gov/earthquakes/eventpage/us20002926/finite-fault | AZ99: https://earthquake.usgs.gov/product/finite-fault/us20002926/us/1539809906375/complete_inversion.fsp | BA99: https://earthquake.usgs.gov/product/finite-fault/us20002926/us/1539809906375/basic_inversion.param | BB99: https://earthquake.usgs.gov/product/finite-fault/us20002926/us/1539809906375/moment_rate.mr | BC99: Workbook name/year, magnitude and hypocenter where present; event sequence reviewed. Original waveform header not available. | BD99: https://earthquake.usgs.gov/earthquakes/eventpage/us20002926 | BE99: NCREE | BF99: NCREE::2015_gorkha
A100: 2016_kaikoura | B100: 2016_Kaikoura_NewZealand | C100: 7.8 | D100: Original NCREE source preferred | E100: 2016-11-13 | F100: 11:02:56.340Z | G100: catalog milliseconds | H100: 7.8 | I100: Mw | J100: -42.737 | K100: 173.054 | L100: 15.1 | M100: RO | N100: Two nodal planes; causative plane not selected | O100: 354 | P100: 61 | Q100: 64 | R100: 219 | S100: 38 | T100: 128 | U100: Original NCREE row: Hypo lat/lon/depth, Mw, fault type | V100: Fault type: original NCREE; plane angles: USGS product us/us_1000778i_mww; updated 2017-02-09T03:02:21.040Z | W100: us1000778i | X100: NCREE original table in this workbook | AH100: USGS model matched | AI100: Coordinates, depth, Mw and mechanism use original NCREE fields. UTC time and plane angles have no equivalents in the original table; retained from their separately identified sources. Do not infer that retained angles are NCREE values. | AJ100: 2026-09-10 | AK100: 5 | AL100: 7.89 | AM100: 8.966934e+20 | AN100: 5.2485 | AO100: 38805 | AP100: 7.38 | AQ100: 1.85 | AR100: -42.757 | AS100: 173.077 | AT100: 16 | AU100: us | AV100: us1000778i | AX100: 43390.577 | AY100: https://earthquake.usgs.gov/earthquakes/eventpage/us1000778i/finite-fault | AZ100: https://earthquake.usgs.gov/product/finite-fault/us1000778i/us/1539813034137/complete_inversion.fsp | BA100: https://earthquake.usgs.gov/product/finite-fault/us1000778i/us/1539813034137/basic_inversion.param | BB100: https://earthquake.usgs.gov/product/finite-fault/us1000778i/us/1539813034137/moment_rate.mr | BC100: Workbook name/year, magnitude and hypocenter where present; event sequence reviewed. Original waveform header not available. | BD100: https://earthquake.usgs.gov/earthquakes/eventpage/us1000778i | BE100: NCREE | BF100: NCREE::2016_kaikoura
...

Sheet Finite_fault_segments
A1: event_key | B1: usgs_event_id | C1: segment | D1: strike_deg | E1: dip_deg | F1: model_length_km | G1: model_width_km | H1: model_area_km2 | I1: top_depth_km | J1: subfault_count | K1: max_slip_m | L1: rake_min_deg | M1: rake_max_deg | N1: fsp_url
A2: 1999_kocaeli | B2: usp0009d4z | C2: 1 | D2: 91 | E2: 87 | F2: 175 | G2: 33.6 | H2: 5880 | I2: 0.22 | J2: 175 | K2: 7.2274 | L2: 160.0253 | M2: 199.9489 | N2: https://earthquake.usgs.gov/product/finite-fault/usp0009d4z/us/1539796243080/complete_inversion.fsp
A3: 1999_chichi | B3: usp0009eq0 | C3: 1 | D3: 3 | E3: 30 | F3: 144 | G3: 50.85 | H3: 7322.4 | I3: 0.11 | J3: 162 | K3: 5.6365 | L3: 40.0232 | M3: 89.74 | N3: https://earthquake.usgs.gov/product/finite-fault/usp0009eq0/us/1539796251799/complete_inversion.fsp
A4: 2002_denali | B4: ak002e435qpj | C4: 1 | D4: 250 | E4: 40 | F4: 40 | G4: 28 | H4: 1120 | I4: 0.12 | J4: 64 | K4: 7.5394 | L4: 70.0369 | M4: 118.8209 | N4: https://earthquake.usgs.gov/product/finite-fault/usp000bg0m/us/1539805514087/complete_inversion.fsp
A5: 2002_denali | B5: ak002e435qpj | C5: 2 | D5: 271 | E5: 80 | F5: 60 | G5: 28 | H5: 1680 | I5: 0.12 | J5: 96 | K5: 3.4545 | L5: 140.2046 | M5: 229.3893 | N5: https://earthquake.usgs.gov/product/finite-fault/usp000bg0m/us/1539805514087/complete_inversion.fsp
A6: 2002_denali | B6: ak002e435qpj | C6: 3 | D6: 281 | E6: 80 | F6: 50 | G6: 28 | H6: 1400 | I6: 0.12 | J6: 80 | K6: 10.5164 | L6: 140.1691 | M6: 214.7837 | N6: https://earthquake.usgs.gov/product/finite-fault/usp000bg0m/us/1539805514087/complete_inversion.fsp
A7: 2002_denali | B7: ak002e435qpj | C7: 4 | D7: 296 | E7: 80 | F7: 135 | G7: 28 | H7: 3780 | I7: 1.84 | J7: 216 | K7: 14.9975 | L7: 140.0241 | M7: 229.2862 | N7: https://earthquake.usgs.gov/product/finite-fault/usp000bg0m/us/1539805514087/complete_inversion.fsp
A8: 2002_denali | B8: ak002e435qpj | C8: 5 | D8: 323 | E8: 90 | F8: 135 | G8: 28 | H8: 3780 | I8: 3.57 | J8: 216 | K8: 5.4681 | L8: 140.2344 | M8: 229.9329 | N8: https://earthquake.usgs.gov/product/finite-fault/usp000bg0m/us/1539805514087/complete_inversion.fsp
A9: 2008_wenchuan | B9: usp000g650 | C9: 1 | D9: 222.6 | E9: 28 | F9: 131.95 | G9: 27.6 | H9: 3641.82 | I9: 2.12 | J9: 78 | K9: 10.6006 | L9: 91.3844 | M9: 149.8827 | N9: https://earthquake.usgs.gov/product/finite-fault/usp000g650/us/1539808177870/complete_inversion.fsp
A10: 2008_wenchuan | B10: usp000g650 | C10: 2 | D10: 222.6 | E10: 46 | F10: 131.95 | G10: 36.8 | H10: 4855.76 | I10: -0.31 | J10: 104 | K10: 7.3937 | L10: 90.3418 | M10: 159.8404 | N10: https://earthquake.usgs.gov/product/finite-fault/usp000g650/us/1539808177870/complete_inversion.fsp
A11: 2008_wenchuan | B11: usp000g650 | C11: 3 | D11: 222.6 | E11: 50 | F11: 182.7 | G11: 36.8 | H11: 6723.36 | I11: 3.71 | J11: 144 | K11: 5.5892 | L11: 140.1045 | M11: 199.9972 | N11: https://earthquake.usgs.gov/product/finite-fault/usp000g650/us/1539808177870/complete_inversion.fsp
A12: 2015_gorkha | B12: us20002926 | C12: 1 | D12: 293 | E12: 7 | F12: 193.2 | G12: 168 | H12: 32457.6 | I12: 4.33 | J12: 552 | K12: 4.4804 | L12: 85.0042 | M12: 124.9965 | N12: https://earthquake.usgs.gov/product/finite-fault/us20002926/us/1539809906375/complete_inversion.fsp
A13: 2016_kaikoura | B13: us1000778i | C13: 1 | D13: 255 | E13: 80 | F13: 97.5 | G13: 26 | H13: 2535 | I13: 0 | J13: 52 | K13: 0.8958 | L13: 160.2522 | M13: 199.722 | N13: https://earthquake.usgs.gov/product/finite-fault/us1000778i/us/1539813034137/complete_inversion.fsp
... A24: 2023_pazarcik | B24: us6000jllz | C24: 3 | D24: 25 | E24: 75 | F24: 160 | G24: 40 | H24: 6400 | I24: 1.89 | J24: 256 | K24: 8.1818 | L24: 0.0829 | M24: 359.9991 | N24: https://earthquake.usgs.gov/product/finite-fault/us6000jllz_1/us/1676951251912/complete_inversion.fsp
A25: 2018_iburi | B25: us2000h8ty | C25: 1 | D25: 10 | E25: 70 | F25: 12 | G25: 24 | H25: 288 | I25: 18.72 | J25: 32 | K25: 1.5427 | N25: /Volumes/WD/work/pulse/data/events/2018_Iburi/s2018IBURIH01ASAN.fsp
A26: 2018_iburi | B26: us2000h8ty | C26: 2 | D26: 355 | E26: 70 | F26: 9 | G26: 24 | H26: 216 | I26: 18.72 | J26: 24 | K26: 1.7014 | N26: /Volumes/WD/work/pulse/data/events/2018_Iburi/s2018IBURIH01ASAN.fsp
A27: 2018_iburi | B27: us2000h8ty | C27: 3 | D27: 5 | E27: 70 | F27: 9 | G27: 24 | H27: 216 | I27: 18.72 | J27: 24 | K27: 1.0849 | N27: /Volumes/WD/work/pulse/data/events/2018_Iburi/s2018IBURIH01ASAN.fsp

Sheet Event_match_audit
A1: event_key | B1: workbook_names | C1: match_status | D1: match_basis | E1: usgs_event_id | F1: usgs_origin_utc | G1: usgs_magnitude | H1: usgs_magnitude_type | I1: usgs_latitude | J1: usgs_longitude | K1: usgs_depth_km | L1: workbook_hypocenters | M1: minimum_epicenter_difference_km | N1: nga_date_raw | O1: nga_HRMN_raw | P1: usgs_minus_nga_time_seconds | Q1: usgs_candidates_in_audit_window | R1: finite_fault_identity_check | S1: evidence_urls
A2: 1954_northerncalif3 | B2: Northern Calif-03 | C2: Catalog cross-check supports identity | D2: NGA event name/year and EQID; USGS date, magnitude and location; sequence distinguished by origin time. | E2: iscgem891371 | F2: 20079.831 | G2: 6.4 | H2: mw | I2: 40.846 | J2: -123.893 | K2: 15 | N2: 1954-1221 | O2: 1956 | P2: 29.63 | Q2: 1 | R2: No matched finite-fault product | S2: https://earthquake.usgs.gov/earthquakes/eventpage/iscgem891371
A3: 1971_sanfernando | B3: San Fernando | 1971_SanFernando_USA | C3: Catalog cross-check supports identity | D3: NGA event name/year and EQID; USGS date, magnitude and location; sequence distinguished by origin time. | E3: ci3347678 | F3: 25973.584 | G3: 6.6 | H3: mw | I3: 34.416 | J3: -118.37 | K3: 8.95 | L3: [[34.44, -118.41, 13]] | M3: 4.54 | N3: 1971-0209 | O3: 1400 | P3: 41.92 | Q3: 1 | R3: No matched finite-fault product | S3: https://earthquake.usgs.gov/earthquakes/eventpage/ci3347678
A4: 1978_tabas | B4: Tabas, Iran | 1978_Tabas_Iran | C4: Catalog cross-check supports identity | D4: NGA event name/year and EQID; USGS date, magnitude and location; sequence distinguished by origin time. | E4: usp0000wjx | F4: 28749.65 | G4: 7.4 | H4: ms | I4: 33.386 | J4: 57.434 | K4: 33 | L4: [[33.215, 57.323, 5.75]] | M4: 21.63 | N4: 1978-0916 | O4: -999 | Q4: 1 | R4: No matched finite-fault product | S4: https://earthquake.usgs.gov/earthquakes/eventpage/usp0000wjx
A5: 1979_coyotelake | B5: Coyote Lake | 1979_CoyoteLake_USA | C5: Catalog cross-check supports identity | D5: NGA event name/year and EQID; USGS date, magnitude and location; sequence distinguished by origin time. | E5: nc1046962 | F5: 29073.712 | G5: 5.8 | H5: ml | I5: 37.103833 | J5: -121.51233 | K5: 8.315 | L5: [[37.065, -121.49, 8]] | M5: 4.75 | N5: 1979-0806 | O5: 1705 | P5: 22.93 | Q5: 1 | R5: No matched finite-fault product | S5: https://earthquake.usgs.gov/earthquakes/eventpage/nc1046962
A6: 1979_imperialvalley6 | B6: Imperial Valley-06 | 1979_ImperialValley_06_USA | C6: Catalog cross-check supports identity | D6: NGA event name/year and EQID; USGS date, magnitude and location; sequence distinguished by origin time. | E6: ci3352060 | F6: 29143.97 | G6: 6.4 | H6: mw | I6: 32.667333 | J6: -115.35917 | K6: 15 | L6: [[32.644, -115.307, 9.96]] | M6: 5.53 | N6: 1979-1015 | O6: 2316 | P6: 53.91 | Q6: 1 | R6: No matched finite-fault product | S6: https://earthquake.usgs.gov/earthquakes/eventpage/ci3352060
A7: 1979_imperialvalley7 | B7: Imperial Valley-07 | C7: Catalog cross-check supports identity | D7: NGA event name/year and EQID; USGS date, magnitude and location; sequence distinguished by origin time. | E7: ci9712718 | F7: 29143.972 | G7: 5.2 | H7: mh | I7: 32.766 | J7: -115.441 | K7: 9.25 | N7: 1979-1015 | O7: 2319 | P7: 29.98 | Q7: 9 | R7: No matched finite-fault product | S7: https://earthquake.usgs.gov/earthquakes/eventpage/ci9712718
A8: 1979_montenegro | B8: Montenegro, Yugo. | 1979_Montenegro_Yugoslavia | C8: Catalog cross-check supports identity | D8: NGA event name/year and EQID; USGS date, magnitude and location; sequence distinguished by origin time. | E8: usp000100b | F8: 28960.264 | G8: 6.9 | H8: ms | I8: 42.096 | J8: 19.209 | K8: 10 | L8: [[42.04, 19.21, 7]] | M8: 6.23 | N8: 1979-0415 | O8: 0619 | P8: 44.1 | Q8: 1 | R8: No matched finite-fault product | S8: https://earthquake.usgs.gov/earthquakes/eventpage/usp000100b
A9: 1980_irpinia1 | B9: Irpinia, Italy-01 | 1980_Irpinia_01_Italy | C9: Catalog cross-check supports identity | D9: NGA event name/year and EQID; USGS date, magnitude and location; sequence distinguished by origin time. | E9: usp0001ay4 | F9: 29548.774 | G9: 6.9 | H9: ms | I9: 40.914 | J9: 15.366 | K9: 10 | L9: [[40.8059, 15.3372, 9.5]] | M9: 12.26 | N9: 1980-1123 | O9: 1934 | P9: -3546.2 | Q9: 1 | R9: No matched finite-fault product | S9: https://earthquake.usgs.gov/earthquakes/eventpage/usp0001ay4
A10: 1980_mammothlakes6 | B10: Mammoth Lakes-06 | C10: Catalog cross-check supports identity | D10: NGA event name/year and EQID; USGS date, magnitude and location; sequence distinguished by origin time. | E10: nc1053177 | F10: 29368.619 | G10: 6.2 | H10: ml | I10: 37.503333 | J10: -118.8055 | K10: 13.795 | N10: 1980-0527 | O10: 1451 | P10: -3.19 | Q10: 2 | R10: No matched finite-fault product | S10: https://earthquake.usgs.gov/earthquakes/eventpage/nc1053177
A11: 1981_westmorland | B11: Westmorland | 1981_Westmorland_USA | C11: Catalog cross-check supports identity | D11: NGA event name/year and EQID; USGS date, magnitude and location; sequence distinguished by origin time. | E11: ci514869 | F11: 29702.507 | G11: 5.75 | H11: ml | I11: 33.0955 | J11: -115.6245 | K11: 18.904 | L11: [[33.1, -115.62, 2.3]] | M11: 0.65 | N11: 1981-0426 | O11: 1209 | P11: 28.29 | Q11: 1 | R11: No matched finite-fault product | S11: https://earthquake.usgs.gov/earthquakes/eventpage/ci514869
A12: 1983_coalinga2 | B12: Coalinga-02 | C12: Catalog cross-check supports identity | D12: NGA event name/year and EQID; USGS date, magnitude and location; sequence distinguished by origin time. | E12: nc1093715 | F12: 30445.117 | G12: 5.2 | H12: ml | I12: 36.246333 | J12: -120.30083 | K12: 12.916 | N12: 1983-0509 | O12: 0249 | P12: 11.54 | Q12: 1 | R12: No matched finite-fault product | S12: https://earthquake.usgs.gov/earthquakes/eventpage/nc1093715
A13: 1983_coalinga5 | B13: Coalinga-05 | C13: Catalog cross-check supports identity | D13: NGA event name/year and EQID; USGS date, magnitude and location; sequence distinguished by origin time. | E13: nc1098982 | F13: 30519.111 | G13: 5.37 | H13: ma | I13: 36.235667 | J13: -120.41383 | K13: 7.265 | N13: 1983-0722 | O13: 0239 | P13: 53.96 | Q13: 1 | R13: No matched finite-fault product | S13: https://earthquake.usgs.gov/earthquakes/eventpage/nc1098982
A14: 1983_coalinga7 | B14: Coalinga-07 | C14: Catalog cross-check supports identity | D14: NGA event name/year and EQID; USGS date, magnitude and location; sequence distinguished by origin time. | E14: nc1099288 | F14: 30522.939 | G14: 5.04 | H14: md | I14: 36.2245 | J14: -120.40233 | K14: 8.215 | N14: 1983-0725 | O14: 2231 | P14: 39.48 | Q14: 1 | R14: No matched finite-fault product | S14: https://earthquake.usgs.gov/earthquakes/eventpage/nc1099288
A15: 1984_morganhill | B15: Morgan Hill | 1984_MorganHill_USA | C15: Catalog cross-check supports identity | D15: NGA event name/year and EQID; USGS date, magnitude and location; sequence distinguished by origin time. | E15: nc17204 | F15: 30796.886 | G15: 6.2 | H15: ml | I15: 37.309667 | J15: -121.67883 | K15: 8.193 | L15: [[37.306, -121.695, 8.5]] | M15: 1.49 | N15: 1984-0424 | O15: 2115 | P15: 18.76 | Q15: 1 | R15: No matched finite-fault product | S15: https://earthquake.usgs.gov/earthquakes/eventpage/nc17204
A16: 1986_kalamata2 | B16: Kalamata, Greece-02 | 1986_Kalamata_02_Greece | C16: Catalog cross-check supports identity | D16: NGA event name/year and EQID; USGS date, magnitude and location; sequence distinguished by origin time. | E16: usp0002y3u | F16: 31670.487 | G16: 4.9 | H16: mb | I16: 36.93 | J16: 22.175 | K16: 10 | L16: [[37.1, 22.19, 5]] | M16: 18.95 | N16: 1986-0915 | O16: 1141 | P16: 27.86 | Q16: 1 | R16: No matched finite-fault product | S16: https://earthquake.usgs.gov/earthquakes/eventpage/usp0002y3u
A17: 1986_npalmsprings | B17: N. Palm Springs | C17: Catalog cross-check supports identity | D17: NGA event name/year and EQID; USGS date, magnitude and location; sequence distinguished by origin time. | E17: ci700917 | F17: 31601.389 | G17: 6 | H17: mw | I17: 33.999 | J17: -116.608 | K17: 9.468 | N17: 1986-0708 | O17: 0920 | P17: 44.56 | Q17: 1 | R17: No matched finite-fault product | S17: https://earthquake.usgs.gov/earthquakes/eventpage/ci700917
A18: 1986_sansalvador | B18: San Salvador | 1986_SanSalvador_USA | C18: Catalog cross-check supports identity | D18: NGA event name/year and EQID; USGS date, magnitude and location; sequence distinguished by origin time. | E18: usp0002yu9 | F18: 31695.743 | G18: 5.7 | H18: mw | I18: 13.827 | J18: -89.118 | K18: 7 | L18: [[13.633, -89.2, 10.9]] | M18: 23.32 | N18: 1986-1010 | O18: 1749 | P18: 24.1 | Q18: 1 | R18: No matched finite-fault product | S18: https://earthquake.usgs.gov/earthquakes/eventpage/usp0002yu9
A19: 1986_smart140 | B19: Taiwan SMART1(40) | C19: Catalog cross-check supports identity | D19: NGA event name/year and EQID; USGS date, magnitude and location; sequence distinguished by origin time. | E19: usp0002u79 | F19: 31552.226 | G19: 6.2 | H19: mw | I19: 24.125 | J19: 121.619 | K19: 19.3 | N19: 1986-0520 | O19: 0525 | P19: 46.96 | Q19: 1 | R19: No matched finite-fault product | S19: https://earthquake.usgs.gov/earthquakes/eventpage/usp0002u79
A20: 1987_superstitionhills2 | B20: Superstition Hills-02 | 1987_SuperstitionHills_02_USA | C20: Catalog cross-check supports identity | D20: NGA event name/year and EQID; USGS date, magnitude and location; sequence distinguished by origin time. | E20: ci628016 | F20: 32105.553 | G20: 6.6 | H20: mw | I20: 33.015 | J20: -115.852 | K20: 11.181 | L20: [[33.0222, -115.8314, 9]] | M20: 2.08 | N20: 1987-1124 | O20: 1316 | P20: -3.29 | Q20: 2 | R20: No matched finite-fault product | S20: https://earthquake.usgs.gov/earthquakes/eventpage/ci628016
A21: 1987_whittiernarrows1 | B21: Whittier Narrows-01 | C21: Catalog cross-check supports identity | D21: NGA event name/year and EQID; USGS date, magnitude and location; sequence distinguished by origin time. | E21: ci731691 | F21: 32051.613 | G21: 5.9 | H21: mw | I21: 34.061 | J21: -118.079 | K21: 14.6 | N21: 1987-1001 | O21: 1442 | P21: 20.02 | Q21: 1 | R21: No matched finite-fault product | S21: https://earthquake.usgs.gov/earthquakes/eventpage/ci731691
A22: 1989_lomaprieta | B22: Loma Prieta | 1989_LomaPrieta_USA | C22: Catalog cross-check supports identity | D22: NGA event name/year and EQID; USGS date, magnitude and location; sequence distinguished by origin time. | E22: nc216859 | F22: 32799.003 | G22: 6.9 | H22: mw | I22: 37.036167 | J22: -121.87983 | K22: 17.214 | L22: [[37.0407, -121.8829, 17.48]] | M22: 0.57 | N22: 1989-1018 | O22: 0005 | P22: -44.81 | Q22: 1 | R22: No matched finite-fault product | S22: https://earthquake.usgs.gov/earthquakes/eventpage/nc216859
A23: 1992_capemendocino | B23: Cape Mendocino | 1992_CapeMendocino_USA | C23: Catalog cross-check supports identity | D23: NGA event name/year and EQID; USGS date, magnitude and location; sequence distinguished by origin time. | E23: nc269151 | F23: 33719.754 | G23: 7.2 | H23: mw | I23: 40.335333 | J23: -124.22867 | K23: 9.856 | L23: [[40.327, -124.233, 9.5]] | M23: 1 | N23: 1992-0425 | O23: 1806 | P23: 5.18 | Q23: 3 | R23: No matched finite-fault product | S23: https://earthquake.usgs.gov/earthquakes/eventpage/nc269151
A24: 1992_joshuatreeca | B24: Joshua Tree, CA | C24: Catalog cross-check supports identity | D24: NGA event name/year and EQID; USGS date, magnitude and location; sequence distinguished by origin time. | E24: ci3019681 | F24: 33717.202 | G24: 6.1 | H24: mw | I24: 33.96 | J24: -116.317 | K24: 11.629 | N24: 1992-0423 | O24: 0450 | P24: 23.23 | Q24: 1 | R24: No matched finite-fault product | S24: https://earthquake.usgs.gov/earthquakes/eventpage/ci3019681
A25: 1992_landers | B25: Landers | LANDERS | 1992_Landers_USA | C25: Catalog cross-check supports identity | D25: NGA event name/year and EQID; USGS date, magnitude and location; sequence distinguished by origin time. | E25: ci3031111 | F25: 33783.498 | G25: 7.3 | H25: mw | I25: 34.2 | J25: -116.437 | K25: -0.097 | L25: [[34.2, -116.436, 7]] | M25: 0.09 | N25: 1992-0628 | O25: 1158 | P25: -25.87 | Q25: 1 | R25: No matched finite-fault product | S25: https://earthquake.usgs.gov/earthquakes/eventpage/ci3031111
A26: 1994_northridge1 | B26: Northridge-01 | 1994_Northridge_01_USA | C26: Catalog cross-check supports identity | D26: NGA event name/year and EQID; USGS date, magnitude and location; sequence distinguished by origin time. | E26: ci3144585 | F26: 34351.521 | G26: 6.7 | H26: mw | I26: 34.213 | J26: -118.537 | K26: 18.202 | L26: [[34.2057, -118.5539, 17.5]] | M26: 1.75 | N26: 1994-0117 | O26: 1231 | P26: -4.61 | Q26: 1 | R26: No matched finite-fault product | S26: https://earthquake.usgs.gov/earthquakes/eventpage/ci3144585
A27: 1995_kobe | B27: Kobe, Japan | 1995_Kobe_Japan | C27: Catalog cross-check supports identity | D27: NGA event name/year and EQID; USGS date, magnitude and location; sequence distinguished by origin time. | E27: usp0006rew | F27: 34715.866 | G27: 6.9 | H27: mw | I27: 34.583 | J27: 135.018 | K27: 21.9 | L27: [[34.596, 135.011, 17.9]] | M27: 1.58 | N27: 1995-0116 | O27: 2046 | P27: 52.12 | Q27: 1 | R27: No matched finite-fault product | S27: https://earthquake.usgs.gov/earthquakes/eventpage/usp0006rew
A28: 1997_northwest3 | B28: Northwest China-03 | C28: Catalog cross-check supports identity | D28: NGA event name/year and EQID; USGS date, magnitude and location; sequence distinguished by origin time. | E28: usp00080b7 | F28: 35531.232 | G28: 6.2 | H28: mwc | I28: 39.527 | J28: 76.941 | K28: 15 | N28: 1997-0411 | O28: 0534 | P28: 42.78 | Q28: 1 | R28: No matched finite-fault product | S28: https://earthquake.usgs.gov/earthquakes/eventpage/usp00080b7
A29: 1998_rayli | B29: 1998_Rayli_Taiwan | C29: Name/sequence and regional catalog match | D29: Workbook name/year, magnitude and hypocenter where present; event sequence reviewed. Original waveform header not available. | E29: usp0008rnv | F29: 35993.202 | G29: 5.7 | H29: mwc | I29: 23.407 | J29: 120.736 | K29: 12.6 | L29: [[23.5023, 120.6612, 6.18]] | M29: 13.06 | R29: No matched finite-fault product | S29: https://earthquake.usgs.gov/earthquakes/eventpage/usp0008rnv
A30: 1999_chiayi1 | B30: 1999_Chiayi_01_Taiwan | C30: Name/sequence and regional catalog match | D30: Workbook name/year, magnitude and hypocenter where present; event sequence reviewed. Original waveform header not available. | E30: usp0009gd0 | F30: 36455.097 | G30: 5.9 | H30: mwb | I30: 23.445 | J30: 120.506 | K30: 33 | L30: [[23.5292, 120.4506, 16]] | M30: 10.94 | R30: No matched finite-fault product | S30: https://earthquake.usgs.gov/earthquakes/eventpage/usp0009gd0
A31: 1999_chiayi2 | B31: 1999_Chiayi_02_Taiwan | C31: Name/sequence and regional catalog match | D31: Workbook name/year, magnitude and hypocenter where present; event sequence reviewed. Original waveform header not available. | E31: usp0009gd5 | F31: 36455.132 | G31: 5.6 | H31: mwc | I31: 23.433 | J31: 120.508 | K31: 33 | L31: [[23.5331, 120.4308, 16.74]] | M31: 13.63 | R31: No matched finite-fault product | S31: https://earthquake.usgs.gov/earthquakes/eventpage/usp0009gd5
A32: 1999_chichi | B32: Chi-Chi, Taiwan | CHICHI | 1999_ChiChi_Taiwan | C32: Catalog cross-check supports identity | D32: NGA event name/year and EQID; USGS date, magnitude and location; sequence distinguished by origin time. | E32: usp0009eq0 | F32: 36423.741 | G32: 7.7 | H32: mwc | I32: 23.772 | J32: 120.982 | K32: 33 | L32: [[23.85, 120.82, 8]] | M32: 18.62 | N32: 1999-0920 | O32: -999 | Q32: 1 | R32: Same USGS event ID as matched event; model geometry may use a different hypocenter. | S32: https://earthquake.usgs.gov/earthquakes/eventpage/usp0009eq0
A33: 1999_chichi3 | B33: Chi-Chi, Taiwan-03 | 1999_ChiChi_03_Taiwan | C33: Catalog cross-check supports identity | D33: NGA event name/year and EQID; USGS date, magnitude and location; sequence distinguished by origin time. | E33: usp0009eq5 | F33: 36423.753 | G33: 6.3 | H33: mb | I33: 23.57 | J33: 121.299 | K33: 33 | L33: [[23.81, 120.85, 7.8]] | M33: 52.94 | N33: 1999-0920 | O33: 1803 | P33: 44.29 | Q33: 5 | R33: No matched finite-fault product | S33: https://earthquake.usgs.gov/earthquakes/eventpage/usp0009eq5
A34: 1999_chichi4 | B34: Chi-Chi, Taiwan-04 | 1999_Chiayi_Taiwan | C34: Catalog cross-check; alias inferred from hypocenter | D34: NGA event name/year and EQID; USGS date, magnitude and location; sequence distinguished by origin time. Cross-sheet aliases inferred from identical original hypocenters and sequence table (Wang et al. 2004); workbook names differ. | E34: usp0009erf | F34: 36423.907 | G34: 6.4 | H34: mwc | I34: 23.39 | J34: 120.964 | K34: 33 | L34: [[23.6, 120.82, 18]] | M34: 27.58 | N34: 1999-0920 | O34: 2146 | P34: 42.87 | Q34: 5 | R34: No matched finite-fault product | S34: https://earthquake.usgs.gov/earthquakes/eventpage/usp0009erf
A35: 1999_chichi5 | B35: 1999_ChiChi_05_Taiwan | C35: Catalog cross-check supports identity | D35: NGA event name/year and EQID; USGS date, magnitude and location; sequence distinguished by origin time. | E35: usp0009euk | F35: 36425.01 | G35: 6.4 | H35: mwc | I35: 23.729 | J35: 121.167 | K35: 26 | L35: [[23.865, 121.0395, 19.08]] | M35: 19.92 | N35: 1999-0922 | O35: 0014 | P35: 39.15 | Q35: 2 | R35: No matched finite-fault product | S35: https://earthquake.usgs.gov/earthquakes/eventpage/usp0009euk
A36: 1999_chichi6 | B36: Chi-Chi, Taiwan-06 | 1999_ChiChi_07_Taiwan | C36: Catalog cross-check; alias inferred from hypocenter | D36: NGA event name/year and EQID; USGS date, magnitude and location; sequence distinguished by origin time. Cross-sheet aliases inferred from identical original hypocenters and sequence table (Wang et al. 2004); workbook names differ. | E36: usp0009f1e | F36: 36428.995 | G36: 6.5 | H36: mwc | I36: 23.738 | J36: 121.158 | K36: 17 | L36: [[23.87, 121.01, 16]] | M36: 21.03 | N36: 1999-0925 | O36: 2352 | P36: 48.66 | Q36: 1 | R36: No matched finite-fault product | S36: https://earthquake.usgs.gov/earthquakes/eventpage/usp0009f1e
A37: 1999_duzce | B37: Duzce, Turkey | DUZCE | 1999_Duzce_Turkey | C37: Catalog cross-check supports identity | D37: NGA event name/year and EQID; USGS date, magnitude and location; sequence distinguished by origin time. | E37: usp0009hev | F37: 36476.706 | G37: 7.2 | H37: mwc | I37: 40.758 | J37: 31.161 | K37: 10 | L37: [[40.8345, 31.1346, 14]] | M37: 8.79 | N37: 1999-1112 | O37: -999 | Q37: 1 | R37: No matched finite-fault product | S37: https://earthquake.usgs.gov/earthquakes/eventpage/usp0009hev
A38: 1999_hualien | B38: 1999_Hualien_Taiwan | C38: Name/sequence and regional catalog match | D38: Workbook name/year, magnitude and hypocenter where present; event sequence reviewed. Original waveform header not available. | E38: usp0009gyc | F38: 36465.745 | G38: 6.3 | H38: mwc | I38: 23.378 | J38: 121.52 | K38: 33 | L38: [[23.3688, 121.693, 33.37]] | M38: 17.69 | R38: No matched finite-fault product | S38: https://earthquake.usgs.gov/earthquakes/eventpage/usp0009gyc
A39: 1999_kocaeli | B39: Kocaeli, Turkey | KOCAELI | 1999_Kocaeli_Turkey | C39: Catalog cross-check supports identity | D39: NGA event name/year and EQID; USGS date, magnitude and location; sequence distinguished by origin time. | E39: usp0009d4z | F39: 36389.001 | G39: 7.6 | H39: mwc | I39: 40.748 | J39: 29.864 | K39: 17 | L39: [[40.748, 29.99, 16]] | M39: 10.61 | N39: 1999-0817 | O39: -999 | Q39: 1 | R39: Same USGS event ID as matched event; model geometry may use a different hypocenter. | S39: https://earthquake.usgs.gov/earthquakes/eventpage/usp0009d4z
A40: 2000_tottori | B40: Tottori, Japan | 2000_Tottori_Japan | C40: Catalog cross-check supports identity | D40: NGA event name/year and EQID; USGS date, magnitude and location; sequence distinguished by origin time. | E40: usp000a1b0 | F40: 36805.188 | G40: 6.7 | H40: mwc | I40: 35.456 | J40: 133.134 | K40: 10 | L40: [[35.275, 133.35, 12.5]] | M40: 28.08 | N40: 2000-1006 | O40: 0430 | P40: 19.15 | Q40: 1 | R40: No matched finite-fault product | S40: https://earthquake.usgs.gov/earthquakes/eventpage/usp000a1b0
A41: 2000_yountville | B41: Yountville | C41: Catalog cross-check supports identity | D41: NGA event name/year and EQID; USGS date, magnitude and location; sequence distinguished by origin time. | E41: nc21123384 | F41: 36772.359 | G41: 4.9 | H41: mw | I41: 38.378833 | J41: -122.41333 | K41: 9.367 | N41: 2000-0903 | O41: -999 | Q41: 1 | R41: No matched finite-fault product | S41: https://earthquake.usgs.gov/earthquakes/eventpage/nc21123384
A42: 2001_taipo | B42: 2001_TaiPo_Taiwan | C42: Name/sequence and regional catalog match | D42: Workbook name/year, magnitude and hypocenter where present; event sequence reviewed. Original waveform header not available. CWA 2001-09-18 06:44:44 local, 23.28N 120.65E confirms Taipo. | E42: usp000apcg | F42: 37151.948 | G42: 5 | H42: mb | I42: 23.202 | J42: 120.76 | K42: 5 | L42: [[23.2803, 120.6587, 5.83]] | M42: 13.53 | R42: No matched finite-fault product | S42: https://earthquake.usgs.gov/earthquakes/eventpage/usp000apcg | https://scweb.cwa.gov.tw/zh-tw/earthquake/imgs/2001091806444450101
A43: 2002_denali | B43: Denali, Alaska | DENALI | 2002_Denali_Alaska | C43: Catalog cross-check supports identity | D43: NGA event name/year and EQID; USGS date, magnitude and location; sequence distinguished by origin time. | E43: ak002e435qpj | F43: 37563.925 | G43: 7.9 | H43: mw | I43: 63.5141 | J43: -147.4529 | K43: 4.2 | L43: [[63.542, -147.4444, 8.9]] | M43: 3.13 | N43: 2002-1103 | O43: -999 | Q43: 1 | R43: Same USGS event ID as matched event; model geometry may use a different hypocenter. | S43: https://earthquake.usgs.gov/earthquakes/eventpage/ak002e435qpj
A44: 2002_hualienoffshore | B44: 2002_Hualien_Offshore_Taiwan | C44: Name/sequence and regional catalog match | D44: Workbook name/year, magnitude and hypocenter where present; event sequence reviewed. Original waveform header not available. | E44: usp000b1e2 | F44: 37346.287 | G44: 7.1 | H44: mwc | I44: 24.279 | J44: 122.179 | K44: 32.8 | L44: [[24.1602, 122.172, 33]] | M44: 13.23 | R44: No matched finite-fault product | S44: https://earthquake.usgs.gov/earthquakes/eventpage/usp000b1e2
A45: 2003_bam | B45: Bam, Iran | 2003_Bam_Iran | C45: Catalog cross-check supports identity | D45: NGA event name/year and EQID; USGS date, magnitude and location; sequence distinguished by origin time. | E45: usp000cg2d | F45: 37981.081 | G45: 6.6 | H45: mwc | I45: 28.995 | J45: 58.311 | K45: 10 | L45: [[28.984, 58.359, 6]] | M45: 4.83 | N45: 2003-1226 | O45: 0156 | P45: 52.44 | Q45: 1 | R45: No matched finite-fault product | S45: https://earthquake.usgs.gov/earthquakes/eventpage/usp000cg2d
A46: 2004_niigata | B46: Niigata, Japan | 2004_Niigata_Japan | C46: Catalog cross-check supports identity | D46: NGA event name/year and EQID; USGS date, magnitude and location; sequence distinguished by origin time. | E46: usp000d6vk | F46: 38283.372 | G46: 6.6 | H46: mwc | I46: 37.226 | J46: 138.779 | K46: 16 | L46: [[37.307, 138.839, 10.6]] | M46: 10.46 | N46: 2004-1023 | O46: 0856 | P46: 0.86 | Q46: 3 | R46: No matched finite-fault product | S46: https://earthquake.usgs.gov/earthquakes/eventpage/usp000d6vk
A47: 2004_parkfield02ca | B47: Parkfield-02, CA | 2004_Parkfield_02_CA | C47: Catalog cross-check supports identity | D47: NGA event name/year and EQID; USGS date, magnitude and location; sequence distinguished by origin time. | E47: nc30228270 | F47: 38258.719 | G47: 5.97 | H47: mw | I47: 35.818167 | J47: -120.366 | K47: 8.136 | L47: [[35.817, -120.365, 8.1]] | M47: 0.16 | N47: 2004-0928 | O47: 1715 | P47: 24.25 | Q47: 1 | R47: No matched finite-fault product | S47: https://earthquake.usgs.gov/earthquakes/eventpage/nc30228270
A48: 2004_taitung | B48: 2004_Taitung_Taiwan | C48: Name/sequence and regional catalog match | D48: Workbook name/year, magnitude and hypocenter where present; event sequence reviewed. Original waveform header not available. | E48: usp000cvj3 | F48: 38126.295 | G48: 6.2 | H48: mwc | I48: 22.662 | J48: 121.505 | K48: 20 | L48: [[22.7262, 121.3695, 24.03]] | M48: 15.63 | R48: No matched finite-fault product | S48: https://earthquake.usgs.gov/earthquakes/eventpage/usp000cvj3
A49: 2005_ilansuao | B49: 2005_Ilan_Suao_Taiwan | C49: User-confirmed doublet member | D49: User explicitly confirmed 19:08 UTC event; USGS usp000dhkp. | E49: usp000dhkp | F49: 38416.797 | G49: 5.7 | H49: mwc | I49: 24.722 | J49: 121.918 | K49: 10 | L49: [[24.6573, 121.8135, 10.17]] | M49: 12.78 | R49: No matched finite-fault product | S49: https://earthquake.usgs.gov/earthquakes/eventpage/usp000dhkp
A50: 2006_hengchunoffshore | B50: 2006_Hengchun_Offshore_Taiwan | C50: Name/sequence and regional catalog match | D50: Workbook name/year, magnitude and hypocenter where present; event sequence reviewed. Original waveform header not available. | E50: usp000f115 | F50: 39077.524 | G50: 6.9 | H50: mwc | I50: 21.974 | J50: 120.493 | K50: 10 | L50: [[22.0297, 120.4051, 33.8]] | M50: 10.98 | R50: No matched finite-fault product | S50: https://earthquake.usgs.gov/earthquakes/eventpage/usp000f115
A51: 2006_hengchunoffshore1 | B51: 2006_Hengchun_Offshore_01_Taiwan | C51: Name/sequence and regional catalog match | D51: Workbook name/year, magnitude and hypocenter where present; event sequence reviewed. Original waveform header not available. | E51: usp000f114 | F51: 39077.518 | G51: 7.1 | H51: mwb | I51: 21.799 | J51: 120.547 | K51: 10 | L51: [[21.887, 120.5684, 44.1]] | M51: 10.03 | R51: No matched finite-fault product | S51: https://earthquake.usgs.gov/earthquakes/eventpage/usp000f114
A52: 2006_taitung | B52: 2006_Taitung_Taiwan | C52: Name/sequence and regional catalog match | D52: Workbook name/year, magnitude and hypocenter where present; event sequence reviewed. Original waveform header not available. | E52: usp000ede6 | F52: 38808.418 | G52: 6.1 | H52: mwb | I52: 22.868 | J52: 121.278 | K52: 9 | L52: [[22.881, 121.0648, 9.71]] | M52: 21.89 | R52: No matched finite-fault product | S52: https://earthquake.usgs.gov/earthquakes/eventpage/usp000ede6
A53: 2007_chuetsuoki | B53: Chuetsu-oki | 2007_Chuetsu-oki_Japan | C53: Catalog cross-check supports identity | D53: NGA event name/year and EQID; USGS date, magnitude and location; sequence distinguished by origin time. | E53: usp000fg9t | F53: 39279.051 | G53: 6.6 | H53: mwc | I53: 37.535 | J53: 138.446 | K53: 12 | L53: [[37.5382, 138.6174, 9]] | M53: 15.12 | N53: 2007-0716 | O53: 1013 | P53: -32377.63 | Q53: 1 | R53: No matched finite-fault product | S53: https://earthquake.usgs.gov/earthquakes/eventpage/usp000fg9t
A54: 2007_taitung | B54: 2007_Taitung_Taiwan | C54: Name/sequence and regional catalog match | D54: Workbook name/year, magnitude and hypocenter where present; event sequence reviewed. Original waveform header not available. CWA 2007-08-09 08:55:47 local confirms Taitung. | E54: usp000fj7j | F54: 39303.039 | G54: 5.3 | H54: ms | I54: 22.579 | J54: 121.104 | K54: 21 | L54: [[22.6458, 121.0633, 5.62]] | M54: 8.52 | R54: No matched finite-fault product | S54: https://earthquake.usgs.gov/earthquakes/eventpage/usp000fj7j | https://scweb.cwa.gov.tw/zh-tw/earthquake/imgs/2007080908554757050
A55: 2008_iwate | B55: Iwate | C55: Catalog cross-check supports identity | D55: NGA event name/year and EQID; USGS date, magnitude and location; sequence distinguished by origin time. | E55: usp000g9h6 | F55: 39612.989 | G55: 6.9 | H55: mwc | I55: 39.03 | J55: 140.881 | K55: 7.8 | N55: 2008-0613 | O55: 2343 | P55: 45.36 | Q55: 1 | R55: No matched finite-fault product | S55: https://earthquake.usgs.gov/earthquakes/eventpage/usp000g9h6
A56: 2008_wenchuan | B56: Wenchuan, China | WENCHUAN | C56: Catalog cross-check supports identity | D56: NGA event name/year and EQID; USGS date, magnitude and location; sequence distinguished by origin time. | E56: usp000g650 | F56: 39580.269 | G56: 7.9 | H56: mwc | I56: 31.002 | J56: 103.322 | K56: 19 | N56: 2008-0512 | O56: -999 | Q56: 1 | R56: Same USGS event ID as matched event; model geometry may use a different hypocenter. | S56: https://earthquake.usgs.gov/earthquakes/eventpage/usp000g650
A57: 2009_hualienoffshore | B57: 2009_Hualien_Offshore_Taiwan | C57: Name/sequence and regional catalog match | D57: Workbook name/year, magnitude and hypocenter where present; event sequence reviewed. Original waveform header not available. | E57: usp000h56g | F57: 40166.543 | G57: 6.4 | H57: mwc | I57: 23.796 | J57: 121.605 | K57: 43 | L57: [[23.7988, 121.657, 43.05]] | M57: 5.3 | R57: No matched finite-fault product | S57: https://earthquake.usgs.gov/earthquakes/eventpage/usp000h56g
A58: 2009_laquila | B58: L'Aquila, Italy | L-AQUILA | 2009_LAquila_Italy | C58: Catalog cross-check supports identity | D58: NGA event name/year and EQID; USGS date, magnitude and location; sequence distinguished by origin time. | E58: usp000gvtu | F58: 39909.064 | G58: 6.3 | H58: mwc | I58: 42.334 | J58: 13.334 | K58: 8.8 | L58: [[42.3476, 13.38, 9.27]] | M58: 4.07 | N58: 2009-0406 | O58: 0133 | P58: -21 | Q58: 1 | R58: No matched finite-fault product | S58: https://earthquake.usgs.gov/earthquakes/eventpage/usp000gvtu
A59: 2009_nantou | B59: 2009_Nantou_Taiwan | C59: Name/sequence and regional catalog match | D59: Workbook name/year, magnitude and hypocenter where present; event sequence reviewed. Original waveform header not available. | E59: usp000h3s7 | F59: 40122.398 | G59: 5.6 | H59: mwb | I59: 23.731 | J59: 120.744 | K59: 18 | L59: [[23.7878, 120.7282, 23.55]] | M59: 6.52 | R59: No matched finite-fault product | S59: https://earthquake.usgs.gov/earthquakes/eventpage/usp000h3s7
A60: 2010_darfield | B60: Darfield, New Zealand | DARFIELD | Darfield | 2010_Darfield_NewZealand | C60: Table 1 reference selected | D60: Screenshot Table 1 identifies the same event. Event_sources and appended event fields now use Table 1 parameters; USGS fields here remain unchanged for comparison. | E60: usp000hk46 | F60: 40424.692 | G60: 7 | H60: mwc | I60: -43.522 | J60: 171.83 | K60: 12 | L60: [[-43.615, 172.049, 10.9]] | M60: 20.45 | N60: 2010-0903 | O60: 1635 | P60: 47.77 | Q60: 1 | R60: No matched finite-fault product | S60: https://earthquake.usgs.gov/earthquakes/eventpage/usp000hk46 | /Users/mingshen/Desktop/Screenshot 2026-09-10 at 23.58.23.png
A61: 2010_elmayorcucapah | B61: El Mayor-Cucapah | 2010_ElMayor-Cucapah_Mexico | C61: Catalog cross-check supports identity | D61: NGA event name/year and EQID; USGS date, magnitude and location; sequence distinguished by origin time. | E61: ci14607652 | F61: 40272.945 | G61: 7.2 | H61: mw | I61: 32.286167 | J61: -115.29533 | K61: 9.987 | L61: [[32.3, -115.267, 5.45]] | M61: 3.08 | N61: 2010-0404 | O61: 2240 | P61: 42.36 | Q61: 1 | R61: No matched finite-fault product | S61: https://earthquake.usgs.gov/earthquakes/eventpage/ci14607652
A62: 2010_jiaxian | B62: 2010_Jiaxian_Taiwan | C62: Name/sequence and regional catalog match | D62: Workbook name/year, magnitude and hypocenter where present; event sequence reviewed. Original waveform header not available. | E62: usp000h8nd | F62: 40241.013 | G62: 6.3 | H62: mwc | I62: 22.918 | J62: 120.795 | K62: 21 | L62: [[22.979, 120.7316, 22.6]] | M62: 9.39 | R62: No matched finite-fault product | S62: https://earthquake.usgs.gov/earthquakes/eventpage/usp000h8nd
A63: 2011_christchurch | B63: Christchurch, New Zealand | 2011_Christchurch_NewZealand | C63: Catalog cross-check supports identity | D63: NGA event name/year and EQID; USGS date, magnitude and location; sequence distinguished by origin time. | E63: usp000huvq | F63: 40595.994 | G63: 6.1 | H63: mww | I63: -43.583 | J63: 172.68 | K63: 5.9 | L63: [[-43.571, 172.703, 6]] | M63: 2.28 | N63: 2011-0221 | O63: 2351 | P63: 42.35 | Q63: 3 | R63: No matched finite-fault product | S63: https://earthquake.usgs.gov/earthquakes/eventpage/usp000huvq
A64: 2013_nantou1 | B64: 2013_Nantou_01_Taiwan | C64: Name/sequence and regional catalog match | D64: Workbook name/year, magnitude and hypocenter where present; event sequence reviewed. Original waveform header not available. | E64: usb000ftgc | F64: 41360.086 | G64: 5.9 | H64: mww | I64: 23.828 | J64: 121.215 | K64: 19 | L64: [[23.9004, 121.0537, 19.4]] | M64: 18.27 | R64: No matched finite-fault product | S64: https://earthquake.usgs.gov/earthquakes/eventpage/usb000ftgc
A65: 2013_nantou2 | B65: 2013_Nantou_02_Taiwan | C65: Name/sequence and regional catalog match | D65: Workbook name/year, magnitude and hypocenter where present; event sequence reviewed. Original waveform header not available. | E65: usb000hbrt | F65: 41427.238 | G65: 6.2 | H65: mww | I65: 23.789 | J65: 121.141 | K65: 17 | L65: [[23.8583, 120.9762, 14.5]] | M65: 18.45 | R65: No matched finite-fault product | S65: https://earthquake.usgs.gov/earthquakes/eventpage/usb000hbrt
A66: 2013_ruisui | B66: 2013_Ruisui_Taiwan | C66: Name/sequence and regional catalog match | D66: Workbook name/year, magnitude and hypocenter where present; event sequence reviewed. Original waveform header not available. | E66: usc000ksdy | F66: 41578.501 | G66: 6.3 | H66: mww | I66: 23.5904 | J66: 121.4366 | K66: 10 | L66: [[23.5679, 121.3463, 14.98]] | M66: 9.54 | R66: No matched finite-fault product | S66: https://earthquake.usgs.gov/earthquakes/eventpage/usc000ksdy
A67: 2015_gorkha | B67: 2015_Gorkha_Nepal | C67: Name/sequence and regional catalog match | D67: Workbook name/year, magnitude and hypocenter where present; event sequence reviewed. Original waveform header not available. | E67: us20002926 | F67: 42119.258 | G67: 7.8 | H67: mww | I67: 28.2305 | J67: 84.7314 | K67: 8.22 | L67: [[28.231, 84.731, 8.2]] | M67: 0.07 | R67: Same USGS event ID as matched event; model geometry may use a different hypocenter. | S67: https://earthquake.usgs.gov/earthquakes/eventpage/us20002926
A68: 2016_kaikoura | B68: 2016_Kaikoura_NewZealand | C68: Name/sequence and regional catalog match | D68: Workbook name/year, magnitude and hypocenter where present; event sequence reviewed. Original waveform header not available. | E68: us1000778i | F68: 42687.46 | G68: 7.8 | H68: mww | I68: -42.7373 | J68: 173.054 | K68: 15.11 | L68: [[-42.737, 173.054, 15.1]] | M68: 0.03 | R68: Same USGS event ID as matched event; model geometry may use a different hypocenter. | S68: https://earthquake.usgs.gov/earthquakes/eventpage/us1000778i
A69: 2016_kumamoto | B69: Kumamoto | 2016_Kumamoto_Japan | C69: Table 1 reference selected | D69: Screenshot Table 1 identifies the same event. Event_sources and appended event fields now use Table 1 parameters; USGS fields here remain unchanged for comparison. | E69: us20005iis | F69: 42475.684 | G69: 7 | H69: mww | I69: 32.7906 | J69: 130.7543 | K69: 10 | L69: [[32.791, 130.754, 15.1]] | M69: 0.05 | R69: Same USGS event ID as matched event; model geometry may use a different hypocenter. | S69: https://earthquake.usgs.gov/earthquakes/eventpage/us20005iis | /Users/mingshen/Desktop/Screenshot 2026-09-10 at 23.58.23.png
A70: 2016_kumamotoforeshock | B70: KumaFore | C70: Confirmed by user Table 1 | D70: Screenshot Table 1 identifies 12:26:36 UTC foreshock; USGS us20005hzn retained. Selected event parameters come from Table 1; USGS columns on this sheet retain catalog comparison values. | E70: us20005hzn | F70: 42474.518 | G70: 6.2 | H70: mww | I70: 32.788 | J70: 130.7042 | K70: 9 | R70: No matched finite-fault product | S70: https://earthquake.usgs.gov/earthquakes/eventpage/us20005hzn | /Users/mingshen/Desktop/Screenshot 2026-09-10 at 23.58.23.png
A71: 2016_meinong | B71: Meinong | 2016_Meinong_Taiwan | C71: Table 1 reference selected | D71: Screenshot Table 1 identifies the same event. Event_sources and appended event fields now use Table 1 parameters; USGS fields here remain unchanged for comparison. | E71: us20004y6h | F71: 42405.832 | G71: 6.4 | H71: mww | I71: 22.9375 | J71: 120.6014 | K71: 23 | L71: [[22.922, 120.544, 14.6]] | M71: 6.13 | R71: No matched finite-fault product | S71: https://earthquake.usgs.gov/earthquakes/eventpage/us20004y6h | /Users/mingshen/Desktop/Screenshot 2026-09-10 at 23.58.23.png
A72: 2018_hualien | B72: Hualien | 2018_Hualien_Taiwan | C72: Table 1 reference selected | D72: Screenshot Table 1 identifies the same event. Event_sources and appended event fields now use Table 1 parameters; USGS fields here remain unchanged for comparison. | E72: us1000chhc | F72: 43137.66 | G72: 6.4 | H72: mww | I72: 24.1338 | J72: 121.6586 | K72: 17 | L72: [[24.1162, 121.7225, 4.89]] | M72: 6.77 | R72: No matched finite-fault product | S72: https://earthquake.usgs.gov/earthquakes/eventpage/us1000chhc | /Users/mingshen/Desktop/Screenshot 2026-09-10 at 23.58.23.png
A73: 2018_iburi | B73: Iburi | C73: Name/sequence and regional catalog match | D73: Workbook name/year, magnitude and hypocenter where present; event sequence reviewed. Original waveform header not available. | E73: us2000h8ty | F73: 43348.756 | G73: 6.6 | H73: mww | I73: 42.6861 | J73: 141.9294 | K73: 35 | R73: No matched finite-fault product | S73: https://earthquake.usgs.gov/earthquakes/eventpage/us2000h8ty
A74: 2022_duzce | B74: Duzce | C74: Name/sequence and regional catalog match | D74: Workbook name/year, magnitude and hypocenter where present; event sequence reviewed. Original waveform header not available. | E74: us7000irp8 | F74: 44888.047 | G74: 6.1 | H74: mww | I74: 40.8356 | J74: 30.9831 | K74: 10 | R74: No matched finite-fault product | S74: https://earthquake.usgs.gov/earthquakes/eventpage/us7000irp8
A75: 2023_elbistan | B75: turkey-2 | Elbistan | C75: Name/sequence and regional catalog match | D75: Workbook name/year, magnitude and hypocenter where present; event sequence reviewed. Original waveform header not available. | E75: us6000jlqa | F75: 44963.434 | G75: 7.5 | H75: mww | I75: 38.0106 | J75: 37.1962 | K75: 7.432 | R75: Same USGS event ID as matched event; model geometry may use a different hypocenter. | S75: https://earthquake.usgs.gov/earthquakes/eventpage/us6000jlqa
A76: 2023_pazarcik | B76: turkey-1 | Pazarcik | C76: Name/sequence and regional catalog match | D76: Workbook name/year, magnitude and hypocenter where present; event sequence reviewed. Original waveform header not available. | E76: us6000jllz | F76: 44963.054 | G76: 7.8 | H76: mww | I76: 37.2256 | J76: 37.0143 | K76: 10 | R76: Same USGS event ID as matched event; model geometry may use a different hypocenter. | S76: https://earthquake.usgs.gov/earthquakes/eventpage/us6000jllz

Sheet Pulse_records
A1: record_id | B1: source_sheet | C1: source_row | D1: event_original | E1: year | F1: station_original | G1: station_key | H1: latitude_deg | I1: longitude_deg | J1: coord_status | K1: coord_source_id | L1: coord_source_ref | M1: coord_match | N1: coord_note | O1: processing | P1: NGA_RSN | Q1: Mw | R1: Tp_s | S1: Tf_s | T1: PGV_cm_s | U1: closest_distance_km | V1: Rrup_km | W1: Rhyp_km | X1: orientation_north_deg | Y1: orientation_fault_parallel_deg | Z1: fault_normal_pulse | AA1: directivity_effect | AB1: mechanism_original | AC1: lnTp_original | AD1: hypo_lat_deg | AE1: hypo_lon_deg | AF1: hypo_depth_original | AG1: vs30_original | AH1: Ipulse_H | AI1: Tp_H_s | AJ1: Ipulse_V | AK1: Tp_V_s | AL1: fling | AM1: PGA_EW_original | AN1: PGA_NS_original | AO1: PGA_V_original | AP1: PGV_EW_original | AQ1: PGV_NS_original | AR1: PGV_V_original | AS1: PGD_EW_original | AT1: PGD_NS_original | AU1: PGD_V_original | AV1: RD_EW_original | AW1: RD_NS_original | AX1: RD_V_original | AY1: Rx_original | AZ1: t1_original | BA1: Dsite_original | BB1: quality_flag | BC1: Dsite_after_flag | BD1: Tf_after_flag_s | BE1: median_predicted_Dfault | BF1: normalized_Dsite | BG1: Tf_within_10km_s | BH1: dip_original | BI1: missing_fields_original | BJ1: repeat_group | BK1: repeat_count | BL1: source_error | BM1: event_key | BN1: origin_date_utc | BO1: origin_time_utc | BP1: catalog_magnitude | BQ1: magnitude_type | BR1: hypo_latitude_deg | BS1: hypo_longitude_deg | BT1: hypo_depth_km | BU1: mechanism | BV1: plane_definition | BW1: strike1_deg | BX1: dip1_deg | BY1: rake1_deg | BZ1: strike2_deg | CA1: dip2_deg | CB1: rake2_deg | CC1: source_status | CD1: ff_status | CE1: ff_segment_count | CF1: ff_model_Mw | CG1: ff_max_slip_m | CH1: ff_model_area_km2 | CI1: ff_url | CJ1: source_url | CK1: active_sheet | CL1: active_row | CM1: event_source_key
A2: S03-R0002 | B2: Baker(2014) | C2: 2 | D2: Northern Calif-03 | E2: 1954 | F2: Ferndale City Hall | G2: US:ferndalecityhall | H2: 40.576 | I2: -124.263 | J2: matched | K2: S02 | L2: ROTD50_d050 row 21; RSN=20; Ferndale City Hall | M2: NGA RSN + event + year; station name reviewed | O2: as supplied | P2: 20 | Q2: 6.5 | R2: 2 | T2: 40.3 | U2: 27 | W2: 32.4 | X2: 19 | Y2: 47 | Z2: 0 | AA2: 0 | AB2: Strike slip | AC2: 0.69314718 | BJ2: NGA:20 | BK2: 1 | BM2: 1954_northerncalif3 | BN2: 1954-12-21 | BO2: 19:56:29.630Z | BP2: 6.5 | BQ2: U | BR2: 40.8167 | BS2: -124.083 | BT2: 10 | BU2: Strike slip | BV2: NGA-West2 representative fault plane | BW2: 65.6 | BX2: 90 | BY2: 0 | CC2: Original NGA source preferred | CD2: No matching USGS product in queried archive | CJ2: https://peer.berkeley.edu/node/74 | CK2: S&B | CL2: 2 | CM2: S&B::1954_northerncalif3
A3: S03-R0003 | B3: Baker(2014) | C3: 3 | D3: San Fernando | E3: 1971 | F3: Pacoima Dam (upper left abut) | G3: US:pacoimadamupperleftabut | H3: 34.334 | I3: -118.396 | J3: matched | K3: S02 | L3: ROTD50_d050 row 78; RSN=77; Pacoima Dam (upper left abut) | M3: NGA RSN + event + year; station name reviewed | O3: as supplied | P3: 77 | Q3: 6.6 | R3: 1.64 | T3: 121.9 | U3: 1.8 | W3: 17.6 | X3: 189 | Y3: 84 | Z3: 1 | AA3: 1 | AB3: Reverse-oblique | AC3: 0.49469624 | BJ3: NGA:77 | BK3: 1 | BM3: 1971_sanfernando | BN3: 1971-02-09 | BO3: 14:00:41.920Z | BP3: 6.61 | BQ3: Mw | BR3: 34.44 | BS3: -118.41 | BT3: 13 | BU3: Reverse-oblique | BV3: NGA-West2 representative fault plane | BW3: 288 | BX3: 50 | BY3: 83 | CC3: Original NGA source preferred | CD3: No matching USGS product in queried archive | CJ3: https://peer.berkeley.edu/node/74 | CK3: S&B | CL3: 3 | CM3: S&B::1971_sanfernando
A4: S03-R0004 | B4: Baker(2014) | C4: 4 | D4: Tabas, Iran | E4: 1978 | F4: Tabas | G4: IR:tabas | H4: 33.58 | I4: 56.92 | J4: matched | K4: S02 | L4: ROTD50_d050 row 144; RSN=143; Tabas | M4: NGA RSN + event + year; station name reviewed | O4: as supplied | P4: 143 | Q4: 7.3 | R4: 6.19 | T4: 129.7 | U4: 2 | W4: 55.5 | X4: 0 | Y4: 30 | Z4: 0 | AA4: 1 | AB4: Reverse-oblique | AC4: 1.8229351 | BJ4: NGA:143 | BK4: 1 | BM4: 1978_tabas | BN4: 1978-09-16 | BO4: 15:35:56.600Z | BP4: 7.35 | BQ4: Mw | BR4: 33.215 | BS4: 57.323 | BT4: 5.75 | BU4: Reverse-oblique | BV4: NGA-West2 representative fault plane | BW4: 330 | BX4: 25 | BY4: 110 | CC4: Original NGA source preferred | CD4: No matching USGS product in queried archive | CJ4: https://peer.berkeley.edu/node/74 | CK4: S&B | CL4: 4 | CM4: S&B::1978_tabas
A5: S03-R0005 | B5: Baker(2014) | C5: 5 | D5: Montenegro, Yugo. | E5: 1979 | F5: Bar-Skupstina Opstine | G5: ME:barskupstinaopstine | H5: 42.095 | I5: 19.101 | J5: matched | K5: S02 | L5: ROTD50_d050 row 4452; RSN=4451; Bar-Skupstina Opstine | M5: NGA RSN + event + year; station name reviewed | O5: as supplied | P5: 4451 | Q5: 7.1 | R5: 1.44 | T5: 62.7 | U5: 7 | W5: 12.9 | X5: 309 | Y5: 9 | Z5: 0 | AA5: 1 | AB5: Reverse-oblique | AC5: 0.36464311 | BJ5: NGA:4451 | BK5: 1 | BM5: 1979_montenegro | BN5: 1979-04-15 | BO5: 06:19:44.100Z | BP5: 7.1 | BQ5: Mw | BR5: 42.04 | BS5: 19.21 | BT5: 7 | BU5: Reverse-oblique | BV5: NGA-West2 representative fault plane | BW5: 300 | BX5: 14 | BY5: 88 | CC5: Original NGA source preferred | CD5: No matching USGS product in queried archive | CJ5: https://peer.berkeley.edu/node/74 | CK5: S&B | CL5: 5 | CM5: S&B::1979_montenegro
A6: S03-R0006 | B6: Baker(2014) | C6: 6 | D6: Montenegro, Yugo. | E6: 1979 | F6: Ulcinj - Hotel Olimpic | G6: ME:ulcinjhotelolimpic | H6: 41.911 | I6: 19.249 | J6: matched | K6: S02 | L6: ROTD50_d050 row 4459; RSN=4458; Ulcinj - Hotel Olimpic | M6: NGA RSN + event + year; station name reviewed | O6: as supplied | P6: 4458 | Q6: 7.1 | R6: 1.97 | T6: 62.8 | U6: 5.8 | W6: 16.3 | X6: 301 | Y6: 1 | Z6: 0 | AA6: 1 | AB6: Reverse-oblique | AC6: 0.67803354 | BJ6: NGA:4458 | BK6: 1 | BM6: 1979_montenegro | BN6: 1979-04-15 | BO6: 06:19:44.100Z | BP6: 7.1 | BQ6: Mw | BR6: 42.04 | BS6: 19.21 | BT6: 7 | BU6: Reverse-oblique | BV6: NGA-West2 representative fault plane | BW6: 300 | BX6: 14 | BY6: 88 | CC6: Original NGA source preferred | CD6: No matching USGS product in queried archive | CJ6: https://peer.berkeley.edu/node/74 | CK6: S&B | CL6: 6 | CM6: S&B::1979_montenegro
A7: S03-R0007 | B7: Baker(2014) | C7: 7 | D7: Coyote Lake | E7: 1979 | F7: Gilroy Array #2 | G7: US:gilroyarray2 | H7: 36.982 | I7: -121.556 | J7: matched | K7: S02 | L7: ROTD50_d050 row 148; RSN=147; Gilroy Array #2 | M7: NGA RSN + event + year; station name reviewed | O7: as supplied | P7: 147 | Q7: 5.7 | R7: 1.46 | T7: 32 | U7: 9 | W7: 13.6 | X7: 139 | Y7: 17 | Z7: 0 | AA7: 1 | AB7: Strike slip | AC7: 0.37843644 | BJ7: NGA:147 | BK7: 1 | BM7: 1979_coyotelake | BN7: 1979-08-06 | BO7: 17:05:22.930Z | BP7: 5.74 | BQ7: Mw | BR7: 37.065 | BS7: -121.49 | BT7: 8 | BU7: Strike slip | BV7: NGA-West2 representative fault plane | BW7: 336 | BX7: 80 | BY7: 176 | CC7: Original NGA source preferred | CD7: No matching USGS product in queried archive | CJ7: https://peer.berkeley.edu/node/74 | CK7: S&B | CL7: 7 | CM7: S&B::1979_coyotelake
A8: S03-R0008 | B8: Baker(2014) | C8: 8 | D8: Coyote Lake | E8: 1979 | F8: Gilroy Array #3 | G8: US:gilroyarray3 | H8: 36.987 | I8: -121.536 | J8: matched | K8: S02 | L8: ROTD50_d050 row 149; RSN=148; Gilroy Array #3 | M8: NGA RSN + event + year; station name reviewed | O8: as supplied | P8: 148 | Q8: 5.7 | R8: 1.16 | T8: 30.8 | U8: 7.4 | W8: 12.5 | X8: 354 | Y8: 18 | Z8: 0 | AA8: 1 | AB8: Strike slip | AC8: 0.14842001 | BJ8: NGA:148 | BK8: 1 | BM8: 1979_coyotelake | BN8: 1979-08-06 | BO8: 17:05:22.930Z | BP8: 5.74 | BQ8: Mw | BR8: 37.065 | BS8: -121.49 | BT8: 8 | BU8: Strike slip | BV8: NGA-West2 representative fault plane | BW8: 336 | BX8: 80 | BY8: 176 | CC8: Original NGA source preferred | CD8: No matching USGS product in queried archive | CJ8: https://peer.berkeley.edu/node/74 | CK8: S&B | CL8: 8 | CM8: S&B::1979_coyotelake
A9: S03-R0009 | B9: Baker(2014) | C9: 9 | D9: Coyote Lake | E9: 1979 | F9: Gilroy Array #4 | G9: US:gilroyarray4 | H9: 37.001 | I9: -121.522 | J9: matched | K9: S02 | L9: ROTD50_d050 row 150; RSN=149; Gilroy Array #4 | M9: NGA RSN + event + year; station name reviewed | O9: as supplied | P9: 149 | Q9: 5.7 | R9: 1.35 | T9: 32.1 | U9: 5.7 | W9: 11.1 | X9: 350 | Y9: 14 | Z9: 0 | AA9: 1 | AB9: Strike slip | AC9: 0.30010459 | BJ9: NGA:149 | BK9: 1 | BM9: 1979_coyotelake | BN9: 1979-08-06 | BO9: 17:05:22.930Z | BP9: 5.74 | BQ9: Mw | BR9: 37.065 | BS9: -121.49 | BT9: 8 | BU9: Strike slip | BV9: NGA-West2 representative fault plane | BW9: 336 | BX9: 80 | BY9: 176 | CC9: Original NGA source preferred | CD9: No matching USGS product in queried archive | CJ9: https://peer.berkeley.edu/node/74 | CK9: S&B | CL9: 9 | CM9: S&B::1979_coyotelake
